objectid,parentid,title,architect,extension_architect,architect_url,donor,date_built,date_began,date_completed,status,date_demolished,area,current_use,description,campus,address,longitude,latitude,identifier,source,type,format,language,rights,rightsstatement,display_template,object_location,image_small,image_thumb,image_alt_text,hidden
cb001,,William and Henry Birks Building,Harold Fetherstonhaugh,,,Joint Board of Theological Colleges,1931,1929,1931,Standing,,Northeast Corner,Faculty of Religious Studies,"This structure, known as Divinity Hall until 1972, was originally owned by the Joint Board of Theological Colleges and was built between 1929 and 1931 by Harold Fetherstonhaugh, a student of Percy Nobbs. Its cruciform plan, Collegiate Gothic design, and many architectural details all reflect the religious function of this building without favouring any particular denomination. This concurs with the religious attitudes on which McGill was founded.

Fetherstonhaugh succeeded in giving the Joint Board a well-designed building which was constructed of many high quality materials. Stadacona limestone covers the exterior and lends the facade, with its elegant fenestration, a feeling of mass and stability. The interior contains oak panelling, plaster mouldings, wrought iron, stained glass windows, and carved wood and stone Biblical imagery such as the lamb, the true vine, the rose of the passion, the dove, and the pelican. Although there is much ornamentation throughout, it is not superfluous; it accents the function of the building which currently houses the Faculty of Religious Studies.

Two of the most interesting areas of the Birks' Building are the library, which is oak panelled and features pilasters on the walls, and the chapel, which seats 175 and spans two storeys. Both rooms are well suited to their function. Each library window features a small stained glass emblem in its centre, yet still allows plenty of light to enter this working area. The chapel's height and narrowness give it a Gothic air. A large stained glass window of the Ascension dominates the west end and is accompanied by a series of smaller panels around the top of the nave. Because of these windows, only diffuse light enters this somewhat dim hall creating an aura of calm and serenity quite suitable to a chapel.

The Birks' Building is one of McGill's finest and has served the University well during its 65 years.",Downtown Campus,"3520 Rue University, Montréal, QC H3A 0E9",45.50683153,-73.57728244,,,,,,The copyright and related rights status of this Item has not been evaluated. Please contact the McGill Archives for more information.,,compound_object,/objects/cb001_01.jpg,/objects/cb001_01.jpg,/objects/cb001_01.jpg,
cb001_01,cb001,William and Henry Birks Building,,,,,,,,,,,,,,,,,PS033555,,Image;StillImage,image/jpg,,,,image,/objects/cb001_01.jpg,/objects/small/cb001_01_sm.jpg,/objects/thumbs/cb001_01_th.jpg,
cb001_02,cb001,Birks main door,,,,,,,,,,,,,,,,,PR023018,,Image;StillImage,image/jpg,,,,image,/objects/cb001_02.jpg,/objects/small/cb001_02_sm.jpg,/objects/thumbs/cb001_02_th.jpg,
cb001_03,cb001,Birks Hall - Main entrance,,,,,,,,,,,,,,,,,PR023020,,Image;StillImage,image/jpg,,,,image,/objects/cb001_03.jpg,/objects/small/cb001_03_sm.jpg,/objects/thumbs/cb001_03_th.jpg,
cb001_04,cb001,Library,,,,,,,,,,,,,,,,,PR023024,,Image;StillImage,image/jpg,,,,image,/objects/cb001_04.jpg,/objects/small/cb001_04_sm.jpg,/objects/thumbs/cb001_04_th.jpg,
cb001_05,cb001,Chapel window,,,,,,,,,,,,,,,,,PR023031,,Image;StillImage,image/jpg,,,,image,/objects/cb001_05.jpg,/objects/small/cb001_05_sm.jpg,/objects/thumbs/cb001_05_th.jpg,
cb001_06,cb001,View from university,,,,,,,,,,,,,,,,,,,image;StillImage,image/jpg,,,,image,/objects/cb001_06.jpg,/objects/cb001_06.jpg,/objects/cb001_06.jpg,
cb001_07,cb001,Chapel,,,,,,,,,,,,,,,,,PR037423,,image;StillImage,image/jpg,,,,image,/objects/cb001_07.jpg,/objects/small/cb001_07_sm.jpg,/objects/thumbs/cb001_07_th.jpg,
cb001_08,cb001,View from University,,,,,,,,,,,,,,,,,,,image;StillImage,image/jpg,,,,image,/objects/cb001_08.jpg,/objects/cb001_08.jpg,/objects/cb001_08.jpg,
cb002,,"Strathcona Music Building - Royal Victoria College, the Later Years",Bruce Price,"Durnford, Bolton, Chadwick, and Ellwood",,Lord Strathcona,1899,,,Standing,,Rue Sherbrooke,Women's Residence and Faculty of Music,"In 1964, the twelve-storey tower of the Muriel V. Roscoe Wing was opened on the east side of University Street and is, to date, the last extension made to the Royal Victoria College. Durnford, Bolton, Chadwick, and Ellwood was the company entrusted with the construction of this steel-framed high-rise. The exterior of the building features precast concrete alternating with yellow brick facing, the whole interrupted regularly by plentiful windows which give a far-reaching view of the city and provide light to each room. The structure is set back from the street by a two-storey entrance hall and large lounge. It is quite efficient in its use of space, yet provides modern conveniences. The central core contains four elevators for ease of transport and flow of traffic. On each floor, fourteen rooms are located around the core, adjacent to the perimeter of the building, giving them a maximum of light. On every other floor, a warden uses two rooms, bringing the total occupancy to 156 students. There is a kitchenette and a laundry room on every second floor, reducing the use of the elevators somewhat, and a large cafeteria in the basement. Although the rooms are considerably smaller than those of Strathcona's original Hurlbatt Wing, they each have a large window, complete with tailored curtains, and all the furniture a student could need.

In 1971, the Royal Victoria College, now used only as a residence, was limited to the new Roscoe Wing and Nobbs' Vaughan Wing of 1931. The older Hurlbatt Wing and the Reynolds Wing of 1948 were given to the Faculty of Music in 1971 and are its permanent home today after much recent moving. From 1904 to 1964, musical instruction had existed in the Workman Mansion, a large, nineteeth-century style abode on the northwest corner of Sherbrooke and University, purchased for this purpose by Lord Strathcona. The Music Faculty was officially recognized and named in 1920. The Workman edifice was torn down in the 1940s due to an unstable wall; the Otto Maass Chemistry Building stands on this site today. At this point the Faculty of Music temporarily moved to the Shaughnessy house on Drummond Street until a more suitable location could be found. In 1971, the two easternmost wings of RVC were given to the uprooted faculty. In 1973, the firm Bland, Lemoyne, and Shine were commissioned to give the Faculty of Music a new concert hall, named Pollack Hall after Maurice Pollack, owner of a retail store company and donor of this auditorium, capable of seating 600. This ""Welcome Home"" present was very much appreciated by the Faculty which had been usingRedpath Hallas its auditorium since the 1950s. The Marvin Duchow Music Library, named for its organizer and first librarian, was also established in space rented from an office building at 550 Sherbrooke. Today, the Hurlbatt and Reynolds Wings of the old RVC have been renamed the Strathcona Music Building, and Queen Victoria still reigns over the steps.",Downtown Campus,"3425 Rue University, Montréal, QC H3A 2A8",45.50555924,-73.57383685,,,,,,,,compound_object,/objects/cb002_01.jpg,/objects/cb002_01.jpg,/objects/cb002_01.jpg,
cb002_01,cb002,Royal Victoria College (1960),,,,,,,,,,,,,,,,,PS005217,,Image;StillImage,image/jpg,,,,image,/objects/cb002_01.jpg,/objects/cb002_01.jpg,/objects/cb002_01.jpg,
cb002_02,cb002,Site of Roscoe Wing (1950),,,,,,,,,,,,,,,,,PR023219,,Image;StillImage,image/jpg,,,,image,/objects/cb002_02.jpg,/objects/cb002_02.jpg,/objects/cb002_02.jpg,
cb002_03,cb002,Roscoe construction (November 1963),,,,,,,,,,,,,,,,,PR027877,,Image;StillImage,image/jpg,,,,image,/objects/cb002_03.jpg,/objects/cb002_03.jpg,/objects/cb002_03.jpg,
cb002_04,cb002,RVC tower from university (1965) ,,,,,,,,,,,,,,,,,PU019387,,Image;StillImage,image/jpg,,,,image,/objects/cb002_04.jpg,/objects/cb002_04.jpg,/objects/cb002_04.jpg,
cb002_05,cb002,Roscoe Wing bedroom (1965),,,,,,,,,,,,,,,,,PU019386,,Image;StillImage,image/jpg,,The copyright and related rights status of this Item has not been evaluated. Please contact the McGill Archives for more information.,,image,/objects/cb002_05.jpg,/objects/cb002_05.jpg,/objects/cb002_05.jpg,
cb002_06,cb002,Workman House as McGill Music (1912),,,,,,,,,,,,,,,,,,Notman Archives (McCord Museum),Image;StillImage,image/jpg,,,,image,/objects/cb002_06.jpg,/objects/cb002_06.jpg,/objects/cb002_06.jpg,
cb002_07,cb002,Workman House as McGill Music,,,,,,,,,,,,,,,,,PR014591,,Image;StillImage,image/jpg,,,,image,/objects/cb002_07.jpg,/objects/cb002_06.jpg,/objects/cb002_06.jpg,
cb002_08,cb002,Royal Victoria College (1925),,,,,,,,,,,,,,,,,PR002669,,Image;StillImage,image/jpg,,,,image,/objects/cb002_08.jpg,/objects/small/cb002_08_sm.jpg,/objects/thumbs/cb002_08_th.jpg,
cb002_09,cb002,Music Class,,,,,,,,,,,,,,,,,PR035362,,Image;StillImage,image/jpg,,,,image,/objects/cb002_09.jpg,/objects/cb002_09.jpg,/objects/cb002_09.jpg,
cb002_10,cb002,Roscoe Wing from rear (1965),,,,,,,,,,,,,,,,,PU019388,,Image;StillImage,image/jpg,,,,image,/objects/cb002_10.jpg,/objects/small/cb002_10_sm.jpg,/objects/thumbs/cb002_10_th.jpg,
cb002_11,cb002,Roscoe Wing Lounge (1965),,,,,,,,,,,,,,,,,PU019389,,Image;StillImage,image/jpg,,,,image,/objects/cb002_11.jpg,/objects/small/cb002_11_sm.jpg,/objects/thumbs/cb002_11_th.jpg,
cb002_12,cb002,Cafeteria (1975),,,,,,,,,,,,,,,,,PR014954,,Image;StillImage,image/jpg,,,,image,/objects/cb002_12.jpg,/objects/small/cb002_12_sm.jpg,/objects/thumbs/cb002_12_th.jpg,
cb002_13,cb002,Dining Hall (May 1973),,,,,,,,,,,,,,,,,PU012352,,Image;StillImage,image/jpg,,,,image,/objects/cb002_13.jpg,/objects/small/cb002_13_sm.jpg,/objects/thumbs/cb002_13_th.jpg,
cb002_14,cb002,Entrance to Roscoe Wing,,,,,,,,,,,,,,,,,PS005046,,Image;StillImage,image/jpg,,,,image,/objects/cb002_14.jpg,/objects/cb002_14.jpg,/objects/cb002_14.jpg,
cb002_15,cb002,"Workman House ""Parkside"" (1878)",,,,,,,,,,,,,,,,,,Notman Archives (McCord Museum),Image;StillImage,image/jpg,,,,image,/objects/cb002_15.jpg,/objects/cb002_15.jpg,/objects/cb002_15.jpg,
cb002_16,cb002,Pollack Hall construction,,,,,,,,,,,,,,,,,PR034290,,Image;StillImage,image/jpg,,,,image,/objects/cb002_16.jpg,/objects/small/cb002_16_sm.jpg,/objects/thumbs/cb002_16_th.jpg,
cb003,,"Jesse Joseph House ""Dilcoosha""",Unknown,,,Sir William Macdonald,1865,,,Demolished ,1955,Square Mile Mansions,,"Dilcoosha, a Hindustani word meaning ""The Heart's Delight"", was built on the corner of Sherbrooke and McTavish Streets for Jesse Joseph, an entrepreneur who had interests in several Canadian companies. The mansion was designed in an exotic style called Egyptian Renaissance and possessed a lavish interior. In 1904, Joseph died and in 1909, Sir William Macdonald, always a true friend to the University, purchased the house and presented it to McGill. During the first World War, Dilcoosha served as a headquarters for the COTC, who used the long upstairs hall as a target range. After the War, in 1919, McGill inherited in full the collections of David McCord, a municipal lawyer and avid acquirer of rare objects associated with Canadian history. This assemblage is known today as theMcCord Museum of Canadian History. Dilcoosha, then vacant, was an ideal place to house and display the Canadian artifacts and so the McCord Museum came into being. In 1955, Dilcoosha was demolished as a result of several structural problems and the McCord Museum was moved to the Hodgeson House on Drummond and Dr. Penfield. Today, theMcLennan Library, erected in 1967, stands on the site of Joseph's old mansion and the McCord Museum resides in the Old Student Union Building, designed by Percy Erskine Nobbs, on Sherbrooke Street.",,"3459 Rue McTavish, Montréal, QC H3A 0C9",45.50310564,-73.57619108,,,Image;StillImage,,,,,multiple,/objects/cb003_01.jpg,/objects/cb003_01.jpg,/objects/cb003_01.jpg,
cb003_01,cb003,"""Dilcoosha"" as McCord Museum",,,,,,,,,,,,,,,,,,Notman Archive (McCord Museum),,image/jpg,,,,image,/objects/cb003_01.jpg,/objects/cb003_01.jpg,/objects/cb003_01.jpg,
cb003_02,cb003,Attic with Paintings,,,,,,,,,,,,,,,,,,Notman Archive (McCord Museum),,image/jpg,,,,image,/objects/cb003_02.jpg,/objects/cb003_02.jpg,/objects/cb003_02.jpg,
cb004,,Peterson Hall,J. Cecil McDougall,,,none,1933,,,Standing,,Lower McTavish,French Language and Literature,"Peterson Hall was built by J. Cecil McDougall, a colleague of Harold Fetherstonhaugh, in 1933 to house the Protestant School Board. This three-storey, white, concrete structure, located on McTavish Street, has a stone exterior which features carvings and inscriptions related to education. It was purchased by McGill in 1960 to provide a space for the Department of French Language and Literature and still serves this function today. The building was renamed Peterson Hall after Sir William Peterson, principal of the University from 1895 through World War I to 1919. All of the language departments greatly benefit from the language labs in the basement of Peterson Hall.",Downtown Campus,"3460 Rue McTavish, Montréal, QC H3A 1W7",45.50343358,-73.57762531,,McGill Archives,,,,The copyright and related rights status of this Item has not been evaluated. Please contact the McGill Archives for more information,https://rightsstatements.org/vocab/CNE/1.0/,compound_object,/objects/cb004_01.jpg,/objects/small/cb004_01_sm.jpg,/objects/thumbs/cb004_01_th.jpg,
cb004_01,cb004,Drawing of Peterson Hall,,,,,,,,,,,,,,,,,PL006499,,Image;StillImage,image/jpg,,,,image,/objects/cb004_01.jpg,/objects/small/cb004_01_sm.jpg,/objects/thumbs/cb004_01_th.jpg,
cb004_02,cb004,Peterson Hall,,,,,,,,,,,,,,,,,PS005036,,Image;StillImage,image/jpg,,,,image,/objects/cb004_02.jpg,/objects/small/cb004_02_sm.jpg,/objects/thumbs/cb004_02_th.jpg,
cb005,,Burnside Hall,"Marshall, Merrett, Stahl, Elliott, and Mill",,,none,1970,,,Standing,,Engineering & Science,"Departments of Mathematics, Geography, and Atmospheric and Oceanic Sciences","Burnside Hall, named after the original home of James McGill, was built in 1970, by Marshall, Merrett, and Assoc., to meet the growing need for space in the Faculty of Science. This thirteen-storey structure was constructed of precast concrete slabs, with fixed, glazed windows, attached to a frame of reinforced concrete frame. Burnside is surrounded on three sides by other campus buildings: to the north is theMacdonald-Stewart Library(once the Macdonald Physics Building), to the northeast is thePulp and Paper Research Institute, to the east and south is theOtto Maass Chemistry Building. An underground tunnel system connects all of these edifices to the rest of the science and engineering complex. All of the large classrooms are located in the basement underneath Burnside's concrete terrace. There are many entrances to this area to facilitate traffic between classes and to minimize congestion in the tower itself. The first floor of Burnside is used as a lobby, the second was given to the Computing Centre, and the rest, serving the needs of the Departments of Mathematics, Geography and Atmospheric and Oceanic Sciences, contain offices, small classrooms, the Edward Rosenthal Library of Mathematics and Statistics, and the Walter Hitschfeld Environmental Earth Sciences Library.

Although this building has no ornament other than its pattern of fenestration, its outer shell is thought to blend well with the colour and texture of other campus structures. It is expected to serve McGill well into the future and to this end can be expanded by an additional five storeys.",Downtown Campus,"805 Sherbrooke St W, Montreal, Quebec H3A 2K6",45.50463395,-73.57491447,,McGill Archives,,image/jpg,,,,compound_object,/objects/cb005_01.jpg,/objects/cb005_01.jpg,/objects/cb005_01.jpg,
cb005_01,cb005,Burnside Hall,,,,,,,,,,,,,,,,,PS005005,,Image;StillImage,image/jpg,,,,image,/objects/cb005_01.jpg,/objects/cb005_01.jpg,/objects/cb005_01.jpg,
cb005_02,cb005,Construction site,,,,,,,,,,,,,,,,,PR034323,,Image;StillImage,image/jpg,,,,image,/objects/cb005_02.jpg,/objects/small/cb005_02_sm.jpg,/objects/thumbs/cb005_02_th.jpg,
cb005_03,cb005,Construction site,,,,,,,,,,,,,,,,,PS005005,,Image;StillImage,image/jpg,,,,image,/objects/cb005_03.jpg,/objects/cb005_03.jpg,/objects/cb005_03.jpg,
cb005_04,cb005,Burnside Hall,,,,,,,,,,,,,,,,,PR000122,,Image;StillImage,image/jpg,,,,image,/objects/cb005_04.jpg,/objects/small/cb005_04_sm.jpg,/objects/thumbs/cb005_04_th.jpg,
cb005_05,cb005,Burnside Hall and Macdonald Physics building,,,,,,,,,,,,,,,,,PS005005,,Image;StillImage,image/jpg,,,,image,/objects/cb005_05.jpg,/objects/cb005_05.jpg,/objects/cb005_05.jpg,
cb005_06,cb005,"Burnside, Otto Maass, and Roddick Gates",,,,,,,,,,,,,,,,,PS005045,,Image;StillImage,image/jpg,,,,image,/objects/cb005_06.jpg,/objects/cb005_06.jpg,/objects/cb005_06.jpg,
cb005_07,cb005,Burnside Hall with Roddick Gates,,,,,,,,,,,,,,,,,PS005045,,Image;StillImage,image/jpg,,,,image,/objects/cb005_07.jpg,/objects/cb005_07.jpg,/objects/cb005_07.jpg,
cb005_08,cb005,View of Bunside Hall fom library terrace,,,,,,,,,,,,,,,,,,ICC,Image;StillImage,image/jpg,,,,image,/objects/cb005_08.jpg,/objects/cb005_08.jpg,/objects/cb005_08.jpg,
cb005_09,cb005,Burnside Hall with Roddick Gates,,,,,,,,,,,,,,,,,,ICC,,image/jpg,,,,image,/objects/cb005_09.jpg,/objects/cb005_09.jpg,/objects/cb005_09.jpg,
cb006,,Redpath Hall & Library,Sir Andrew Taylor,,,Peter and Grace Redpath,1893,,,Standing,,Arts & Libraries,"Auditorium, Redpath, Blackader-Lauterman and Blacker-Wood Libraries, Canadian Architecture Collection","The Redpath Library was bestowed upon McGill in 1893 due to the beneficence of Peter Redpath, owner of Redpath Sugar and one of Montreal's leading citizens at that time, and his wife Grace Wood. The couple also donated theRedpath Museum, located just northeast of the library. This was a very timely jpgt since, prior to this building, all the University's acquisitions had resided in Molson Hall, the west wing of theArts Building. The University had begun to rapidly expand in the 1890's and all the rooms in Arts were needed as lecture spaces. The first librarian of Redpath was Charles H. Gould who initiated the Library School and the Traveling Libraries Program which lent books to towns not fortunate enough to have their own library. He was one of the most prominent and pioneering librarians in North America and from 1908 to 1909 was made president of the American Library Association.

The architect of this Richardsonian Romanesque building was Sir Andrew Taylor, born in 1825, who hailed from Edinburgh and had been educated at the Royal Academy in London. His wife was related to Sir William Dawson, the current principal, and he himself was a member of the Redpath family. Redpath Library was one of six edifices commissioned from Taylor for the McGill campus. In designing this structure, Taylor put its function, layout, and special needs ahead of its proportion and ornamentation. The building was considered one of the most innovative of  its time. Taking into account the purpose of the building, he proposed that the stacks be defined by a steel frame and grids with thick glass floors to allow the light to pass through all three floors while making the whole fire proof, an amazing feat for 1893. A fire proof door separated the stacks from the main library and reading room which had floors of terra cotta and a roof of slate and copper. The only wood used was in the massive, oak beams that supported the upper floors and were capped at either end by fearsome dragon heads both inside and outside the building.

Although the stacks were very thoroughly designed, the reading room was not as well thought out. The high stone walls echoed even the smallest whisper, making it necessary to forbid conversation of any sort, although there was apparently a considerable amount of traffic in note passing. The extensive use of stained glass windows kept out much of the natural light. The chandeliers hung from the high ceiling and the reading lamps could not compensate enough for the lack of light. The entrance to the building was grandiose, yet it opened onto the reading room which caused further disturbance to the students within. Taylor was criticized, even in his time, for creating an unused tower over the front entrance of the building, yet it gave the building a look of dignity and importance appropriate to a university campus.

There is a considerable amount of ornament about the Redpath Library, even though Taylor's primary concern was with its function. Mrs. Grace Redpath donated a large amount of stained glass which she commissioned from Clayton and Bell in London, England. Poetry, the Fine Arts, and Music are the subject of the three large lancets in the east. Homer and Virgil are among the poets depicted, the writers include Shakespeare and Molliere, artists from Zeuxis to Michelangelo and Rubens to Wren are shown, and Bach, Beethoven, and Wagner stand with many other composers. The five lancets in the west above the balcony represent Law, History, Philosophy, Astronomy, and Medicine. Several wood and stone carvings exist on the timbers and exterior walls. Strange creatures and gargoyles adorn the roof at the ends of the beams. Two in the interior are portraits of Peter Redpath and Sir Andrew Taylor themselves. The outer walls, built of Montreal limestone in fitting with the rest of the campus, have the symbols of the Four Evangelists carved onto them to remind students of the highest possible wisdom. On the south facade are the crests of two major publishing companies, one represented by a swan, the other by a dolphin. Over the door is the Redpath crest, an ostrich holding a key.

Between 1900 and 1901, Taylor extended the already full stacks at the request of Mrs. Grace Redpath. In 1921 the library was again expanded, this time by Percy Nobbs and George Taylor Hyde. Their expansion fit in very well with Taylor's style, unlike the later expansions which provide much more space, but do not even attempt to continue Taylor's idea. From 1952 to 1954 the firm of McDougall, Fleming and Smith extended the library to the south creating several large new reading areas with glass walls on the main floor, and room on other floors for several special libraries, such as the Blacker-Wood Library of Zoology and Ornithology (now the Blacker-Wood Library of Biology) and the Blackader-Lauterman Library of Architecture and Art. WhenMcLennan Librarywas erected just south of Redpath in 1969, the main floor of the 1952 addition to the library was extended to create a walkway between the two buildings. In constructing the 1952 expansion to Redpath, the east wall of the Nobbs and Hyde 1921 projection was entirely enclosed and the use of Taylor's reading room as part of the library came to an end. At this time, the floor of the Taylor's elegant room was redone in wood, the tables were cleared away, and the reading room was reopened as Redpath Hall, an auditorium for the University used today mainly for music recitals and receptions. In 1981, a replica of a French Renaissance organ was donated to the hall to emphasize its new musical role and can still be heard regularly during the year.",Downtown Campus,"3461 Rue McTavish, Montreal, Quebec H3A 1Y1",45.50383233,-73.57742633,,,Image;StillImage,image/jpg,,,,compound_object,/objects/cb006_01.jpg,/objects/small/cb006_01_sm.jpg,/objects/thumbs/cb006_01_th.jpg,
cb006_01,cb006,Redpath Library with Nobbs' extension,,,,,,,,,,,,,,,,,PR038048,,Image;StillImage,image/jpg,,,,image,/objects/cb006_01.jpg,/objects/small/cb006_01_sm.jpg,/objects/thumbs/cb006_01_th.jpg,
cb006_02,cb006,Redpath under construction (1892),,,,,,,,,,,,,,,,,PR000736,,Image;StillImage,image/jpg,,,,image,/objects/cb006_02.jpg,/objects/small/cb006_02_sm.jpg,/objects/thumbs/cb006_02_th.jpg,
cb006_03,cb006,Redpath just opened (1893),,,,,,,,,,,,,,,,,PR038031,,Image;StillImage,image/jpg,,,,image,/objects/cb006_03.jpg,/objects/small/cb006_03_sm.jpg,/objects/thumbs/cb006_03_th.jpg,
cb006_04,cb006,Taylor's stacks,,,,,,,,,,,,,,,,,PR037377,,Image;StillImage,image/jpg,,,,image,/objects/cb006_04.jpg,/objects/small/cb006_04_sm.jpg,/objects/thumbs/cb006_04_th.jpg,
cb006_05,cb006,Library circulation desk,,,,,,,,,,,,,,,,,PR002975,,Image;StillImage,image/jpg,,,,image,/objects/cb006_05.jpg,/objects/small/cb006_05_sm.jpg,/objects/thumbs/cb006_05_th.jpg,
cb006_06,cb006,Redpath reading room,,,,,,,,,,,,,,,,,PR023188,,Image;StillImage,image/jpg,,,,image,/objects/cb006_06.jpg,/objects/small/cb006_06_sm.jpg,/objects/thumbs/cb006_06_th.jpg,
cb006_07,cb006,5 lancet window,,,,,,,,,,,,,,,,,PR037411,,Image;StillImage,image/jpg,,,,image,/objects/cb006_07.jpg,/objects/small/cb006_07_sm.jpg,/objects/thumbs/cb006_07_th.jpg,
cb006_08,cb006,Library & Nobbs' extension from campus,,,,,,,,,,,,,,,,,PL032160,,Image;StillImage,image/jpg,,,,image,/objects/cb006_08.jpg,/objects/small/cb006_08_sm.jpg,/objects/thumbs/cb006_08_th.jpg,
cb006_09,cb006,Sketch of Library (1952 extension) & Hall,,,,,,,,,,,,,,,,,PL032183,,Image;StillImage,image/jpg,,,,image,/objects/cb006_09.jpg,/objects/small/cb006_09_sm.jpg,/objects/thumbs/cb006_09_th.jpg,
cb006_10,cb006,Redpath Library before McLennan was built,,,,,,,,,,,,,,,,,PR020337,,Image;StillImage,image/jpg,,,,image,/objects/cb006_10.jpg,/objects/small/cb006_10_sm.jpg,/objects/thumbs/cb006_10_th.jpg,
cb006_11,cb006,Redpath Library from McTavish,,,,,,,,,,,,,,,,,,ICC,Image;StillImage,image/jpg,,,,image,/objects/cb006_11.jpg,/objects/cb006_11.jpg,/objects/cb006_11.jpg,
cb006_12,cb006,Tower entrance,,,,,,,,,,,,,,,,,PR037373,,Image;StillImage,image/jpg,,,,image,/objects/cb006_12.jpg,/objects/small/cb006_12_sm.jpg,/objects/thumbs/cb006_12_th.jpg,
cb006_13,cb006,Students' reading room,,,,,,,,,,,,,,,,,PL032185,,Image;StillImage,image/jpg,,,,image,/objects/cb006_13.jpg,/objects/cb006_13.jpg,/objects/cb006_13.jpg,
cb006_14,cb006,"Redpath Library interior, fireplace with motto",,,,,,,,,,,,,,,,,PR037385,,Image;StillImage,image/jpg,,,,image,/objects/cb006_14.jpg,/objects/small/cb006_14_sm.jpg,/objects/thumbs/cb006_14_th.jpg,
cb006_15,cb006,Redpath Library 5 lancet window and reading room,,,,,,,,,,,,,,,,,PR037383,,Image;StillImage,image/jpg,,,,image,/objects/cb006_15.jpg,/objects/small/cb006_15_sm.jpg,/objects/thumbs/cb006_15_th.jpg,
cb006_16,cb006,Redpath Library lancet,,,,,,,,,,,,,,,,,,ICC,Image;StillImage,image/jpg,,,,image,/objects/cb006_16.jpg,/objects/cb006_16.jpg,/objects/cb006_16.jpg,
cb006_17,cb006,St. Mark,,,,,,,,,,,,,,,,,PR033884,,Image;StillImage,image/jpg,,,,image,/objects/cb006_17.jpg,/objects/small/cb006_17_sm.jpg,/objects/thumbs/cb006_17_th.jpg,
cb006_18,cb006,Details of swan and dolphin - Nobbs' extension,,,,,,,,,,,,,,,,,PR000709,,Image;StillImage,image/jpg,,,,image,/objects/cb006_18.jpg,/objects/small/cb006_18_sm.jpg,/objects/thumbs/cb006_18_th.jpg,
cb006_19,cb006,Redpath Library from South (1924) - Nobbs' extension,,,,,,,,,,,,,,,,,PR037380,,Image;StillImage,image/jpg,,,,image,/objects/cb006_19.jpg,/objects/small/cb006_19_sm.jpg,/objects/thumbs/cb006_19_th.jpg,
cb006_20,cb006,Redpath Library exension under construction (1951),,,,,,,,,,,,,,,,,PS005218,,Image;StillImage,image/jpg,,,,image,/objects/cb006_20.jpg,/objects/cb006_20.jpg,/objects/cb006_20.jpg,
cb006_21,cb006,Interior of Redpath Library 1952 extension,,,,,,,,,,,,,,,,,PR038012,,Image;StillImage,image/jpg,,,,image,/objects/cb006_21.jpg,/objects/small/cb006_21_sm.jpg,/objects/thumbs/cb006_21_th.jpg,
cb006_22,cb006,Redpath Library interior (1950s),,,,,,,,,,,,,,,,,PS001691,,Image;StillImage,image/jpg,,,,image,/objects/cb006_22.jpg,/objects/cb006_22.jpg,/objects/thumbs/cb006_22_th.jpg,
cb006_23,cb006,Redpath Library in winter,,,,,,,,,,,,,,,,,PS034646,,Image;StillImage,image/jpg,,,,image,/objects/cb006_23.jpg,/objects/small/cb006_23_sm.jpg,/objects/thumbs/cb006_23_th.jpg,
cb007,,"Duncan McIntyre House ""Craguie"" (Demolished 1930)",William Thomas,,,McIntyre Family,1880s,,,Demolished,1930,Square Mile Mansions,McIntyre Medical Sciences and Stewart Biological Sciences ,"In the 1880's, Duncan McIntyre, one of the wealthy founders of the Canadian Pacific Railroad, commissioned William Thomas to design a mansion for him at the top of Drummond Street, the heart of the affluent Square Mile. The house, which could easily be pictured on a misty moor, was Romanesque Scottish Baronial in style and featured several conical towers, a steeply pitched roof, and a large, square central tower which dominated the main entrance.

Craguie, as it has been named, was demolished in 1930 and in 1947, the estate was donated to McGill by the McIntyre family. For years, the site was called McIntyre Park, but, in 1965, McGill needed the land for two new buildings. At this point both theMcIntyre Medical SciencesandStewart Biological Sciences Buildingswere erected and still occupy the site today.",Downtown Campus,,,,,Notman Archives (McCord Museum),Image;StillImage,image/jpg,,,,multiple,/objects/cb007_01.jpg,/objects/cb007_01.jpg,/objects/cb007_01.jpg,
cb007_01,cb007,"""Craguie""",,,,,,,,,,,,,,,,,,,,image/jpg,,,,image,/objects/cb007_01.jpg,/objects/cb007_01.jpg,/objects/cb007_01.jpg,
cb007_02,cb007,View from behind,,,,,,,,,,,,,,,,,,,,image/jpg,,,,image,/objects/cb007_02.jpg,/objects/cb007_02.jpg,/objects/cb007_02.jpg,
cb007_03,cb007,View from behind,,,,,,,,,,,,,,,,,,,,image/jpg,,,,image,/objects/cb007_03.jpg,/objects/cb007_03.jpg,/objects/cb007_03.jpg,
cb008,,"Arts Building and Moyse Hall, Molson Hall, and Dawson Hall",John Ostell,,,James McGill,1843,1839,1843,Standing,,Arts & Libraries,Faculty of Arts,"In 1811, James McGill bequeathed 10,000£ and his forty-six acre estate, which stretched from Dr. Penfield Avenue to Cathcart Street, to the Royal Institution for the Advancement of Learning, a body which then governed the Quebec education system. This was done with the understanding that the land and money would be put towards a University to be created within ten years of McGill's death or the whole would become the property of McGill's heirs. James McGill died in 1813, but at that time, the Royal Institution had neither trustees nor a board and so did not have the power to execute the stipulations of  the will. Ultimately, it took another sixteen years, several lawsuits, and many delays before classes were started.

In June of 1829, classes were started in Burnside Hall, the late McGill's house, which was named after a small brook that meandered through the property. In this year, McGill College, as it was then called, annexed the Montreal Medical Institution so that it could grant degrees and McGill could have students. In 1837, with the property deed and the bequest in hand, the Royal Institution and McGill's new Board of Governors decided to erect the first buildings on campus, yet each faction had a different idea of what was required. The Royal Institution held a competition among several architects who were asked to design an edifice that befitted a University, met its teaching and housing needs, yet was not too expensive. In 1839, John Ostell, a prominent Montreal architect of British origin, won the competition and, after much strife between the Institution and the Board, construction began.

In 1843, the central and east portions of the McGill College Building (now the Arts Building) were complete, but the Royal Institution was fast running out of money and so halted any further work. It had been decided in 1839 that a third floor and a cupola would be added to the central block to provide more room, but the planned west wing would not be constructed nor would the corridors that were intended to connect the wings to the centre. Both the exterior and the interior of the two completed sections were designed in the Classical style. A pediment, supported by Tuscan columns, capped the central block and the library on the second floor of this block was decorated in the Greek manner. The central block contained the steward's apartment, the kitchen, the Governors' council room, the library, the college Hall, and classrooms. The east section held the chapel and the vice-principal's residence. A two-storey portico with Doric columns was planned but was not built at the time. Before 1843, the Royal Institution, despite the protests of the Board, decided to sell the land south of Sherbrooke Street to raise enough money to finish the project.

In September of 1843, McGill College, in debt at the time, officially opened its central and east wings. Because they had never been properly finished, the roof began to leak, the rooms were cold and dimly lit, there were numerous rats in the walls, and several windows were broken. In 1852, the city started blasting for the McTavish reservoir which sent large rocks through the roof of the nearby McGill College Building; the staff and students sought refuge elsewhere. When the new principal, Sir William Dawson, arrived in 1855, he found the campus in a state of disorder. He later recalled, ""I first saw [the college] in October 1855. Materially, it was represented by two blocks of unfurnished and partly ruinous buildings, standing amidst a wilderness of excavators' and masons' rubbish, overgrown with weeds and bushes. The grounds were unfenced and pastured at will by herds of cattle... The only access from town was by a circuitous and ungraded cart-track, almost impassable at night. The buildings had been abandoned..."" (Frost, Stanley.McGill University for the Advancement of Learning1 McGill-Queen's University Press 1980. 198)

Sir William Dawson, who lived in the east wing, immediately made it his responsibility to get the campus into shape. In 1860, he hired J.W. Hopkins to add a one-storey wooden portico with Doric columns to the central block. Since Dawson was well connected with the elite of Montreal, he persuaded Sir William Molson to donate the west wing of  the McGill College Building, named Molson Hall, and the connecting corridors built in the same Classical style as the original units. These held the convocation hall, library, classrooms, chemistry labs, and a small museum and left more room for residents. Of particular interest was the library on the second floor of Molson Hall which featured oak shelves and Classical columns.

In 1925, Fetherstonhaugh and McDougall were hired to extensively renovate what, by then, was called the Arts Building. Until this time, the building had suffered problems with ventilation, heating, and overcrowding. Fetherstonhaugh transformed the first floor of the central block into a large entrance lobby with black marble columns and a floor of pink Tennessee marble. A coloured globe lamp hangs inside the entrance foyer surrounded by the signs of the zodiac, declaring the worldliness of the Faculty of Arts. Moyse Hall, a large lecture and play theatre adorned by ten electric bronze chandeliers and bas reliefs by Henri Herbet, was added behind the central wing of Arts. The rest of the building was divided into suites, one for each Arts Department. Outside, the wooden portico was dismantled and rebuilt in yellow stone with Doric columns and Molson Hall's roof was raised by one floor. Although the interior was greatly changed, the exterior remained the same. The east wing of the Arts Building was named Dawson Hall after Sir William Dawson, its most permanent occupant. It serves as an Administration facility today.",Downtown Campus,"853 Sherbrooke St W, Montreal, Quebec H3A 2A7",45.50538432,-73.5778345,,,Image;StillImage,image/jpg,,,,compound_object,/objects/cb008_01.jpg,/objects/cb008_01.jpg,/objects/cb008_01.jpg,
cb008_01,cb008,Arts Building,,,,,,,,,,,,,,,,,PS005002,,Image;StillImage,image/jpg,,,,image,/objects/cb008_01.jpg,/objects/cb008_01.jpg,/objects/cb008_01.jpg,
cb008_02,cb008,View from the mountain (1860),,,,,,,,,,,,,,,,,PR000089,,Image;StillImage,image/jpg,,,,image,/objects/cb008_02.jpg,/objects/small/cb008_02_sm.jpg,/objects/thumbs/cb008_02_th.jpg,
cb008_03,cb008,Arts (1860s) ,,,,,,,,,,,,,,,,,PR014521,,Image;StillImage,image/jpg,,,,image,/objects/cb008_03.jpg,/objects/small/cb008_03_sm.jpg,/objects/thumbs/cb008_03_th.jpg,
cb008_04,cb008,Arts Building with Observatory (1860s),,,,,,,,,,,,,,,,,PR023279,,Image;StillImage,image/jpg,,,,image,/objects/cb008_04.jpg,/objects/small/cb008_04_sm.jpg,/objects/thumbs/cb008_04_th.jpg,
cb008_05,cb008,Arts Building (1865) ,,,,,,,,,,,,,,,,,PR000073,,Image;StillImage,image/jpg,,,,image,/objects/cb008_05.jpg,/objects/small/cb008_05_sm.jpg,/objects/thumbs/cb008_05_th.jpg,
cb008_06,cb008,Sketch of the Arts Building and Molson Hall (1870s),,,,,,,,,,,,,,,,,PR014518,,Image;StillImage,image/jpg,,,,image,/objects/cb008_06.jpg,/objects/small/cb008_06_sm.jpg,/objects/thumbs/cb008_06_th.jpg,
cb008_07,cb008,Arts Building and Dawson Hall (1880),,,,,,,,,,,,,,,,,PR023224,,Image;StillImage,image/jpg,,,,image,/objects/cb008_07.jpg,/objects/small/cb008_07_sm.jpg,/objects/thumbs/cb008_07_th.jpg,
cb008_08,cb008,Sketch of Arts Building (1875) ,,,,,,,,,,,,,,,,,PR038074,,Image;StillImage,image/jpg,,,,image,/objects/cb008_08.jpg,/objects/small/cb008_08_sm.jpg,/objects/thumbs/cb008_08_th.jpg,
cb008_09,cb008,Sketch of Arts Building (1880),,,,,,,,,,,,,,,,,PR038073,,Image;StillImage,image/jpg,,,,image,/objects/cb008_09.jpg,/objects/small/cb008_09_sm.jpg,/objects/thumbs/cb008_09_th.jpg,
cb008_10,cb008,Molson Hall Library (before 1885),,,,,,,,,,,,,,,,,PR038043,,Image;StillImage,image/jpg,,,,image,/objects/cb008_10.jpg,/objects/cb008_10.jpg,/objects/cb008_10.jpg,
cb008_11,cb008,Arts Building (1900),,,,,,,,,,,,,,,,,PR006146,,Image;StillImage,image/jpg,,,,image,/objects/cb008_11.jpg,/objects/cb008_11.jpg,/objects/cb008_11.jpg,
cb008_12,cb008,Arts Building (1910),,,,,,,,,,,,,,,,,PL007565,,Image;StillImage,image/jpg,,,,image,/objects/cb008_12.jpg,/objects/small/cb008_12_sm.jpg,/objects/thumbs/cb008_12_th.jpg,
cb008_13,cb008,Arts Building (1925),,,,,,,,,,,,,,,,,PR002679,,Image;StillImage,image/jpg,,,,image,/objects/cb008_13.jpg,/objects/small/cb008_13_sm.jpg,/objects/thumbs/cb008_13_th.jpg,
cb008_14,cb008,Main hallway (1925),,,,,,,,,,,,,,,,,PR026604,,Image;StillImage,image/jpg,,,,image,/objects/cb008_14.jpg,/objects/small/cb008_14_sm.jpg,/objects/thumbs/cb008_14_th.jpg,
cb008_15,cb008,Moyse Hall (1925),,,,,,,,,,,,,,,,,PR026607,,Image;StillImage,image/jpg,,,,image,/objects/cb008_15.jpg,/objects/small/cb008_15_sm.jpg,/objects/thumbs/cb008_15_th.jpg,
cb008_16,cb008,Arts Building (1926),,,,,,,,,,,,,,,,,PS034669,,Image;StillImage,image/jpg,,,,image,/objects/cb008_16.jpg,/objects/cb008_16.jpg,/objects/thumbs/cb008_16_th.jpg,
cb008_17,cb008,Arts Building (1929),,,,,,,,,,,,,,,,,PR026600,,Image;StillImage,image/jpg,,,,image,/objects/cb008_17.jpg,/objects/small/cb008_17_sm.jpg,/objects/thumbs/cb008_17_th.jpg,
cb008_18,cb008,Arts Building (1929),,,,,,,,,,,,,,,,,PR026601,,Image;StillImage,image/jpg,,,,image,/objects/cb008_18.jpg,/objects/small/cb008_18_sm.jpg,/objects/thumbs/cb008_18_th.jpg,
cb008_19,cb008,Dawson Hall (1947),,,,,,,,,,,,,,,,,PR026789,,Image;StillImage,image/jpg,,,,image,/objects/cb008_19.jpg,/objects/small/cb008_19_sm.jpg,/objects/thumbs/cb008_19_th.jpg,
cb008_20,cb008,Arts Building (1952),,,,,,,,,,,,,,,,,PR028920,,Image;StillImage,image/jpg,,,,image,/objects/cb008_20.jpg,/objects/small/cb008_20_sm.jpg,/objects/thumbs/cb008_20_th.jpg,
cb008_21,cb008,Dawson Hall and Macdonald Engineering (1955),,,,,,,,,,,,,,,,,PR039962,,Image;StillImage,image/jpg,,,,image,/objects/cb008_21.jpg,/objects/small/cb008_21_sm.jpg,/objects/thumbs/cb008_21_th.jpg,
cb008_22,cb008,Arts Building (1950),,,,,,,,,,,,,,,,,PR039949,,Image;StillImage,image/jpg,,,,image,/objects/cb008_22.jpg,/objects/small/cb008_22_sm.jpg,/objects/thumbs/cb008_22_th.jpg,
cb008_23,cb008,Sketch of Arts Building (1961),,,,,,,,,,,,,,,,,PR000064,,Image;StillImage,image/jpg,,,,image,/objects/cb008_23.jpg,/objects/cb008_23.jpg,/objects/cb008_23.jpg,
cb008_24,cb008,Arts Building (1971) ,,,,,,,,,,,,,,,,,PR015215,,Image;StillImage,image/jpg,,,,image,/objects/cb008_24.jpg,/objects/small/cb008_24_sm.jpg,/objects/thumbs/cb008_24_th.jpg,
cb008_25,cb008,Students in front of the Arts and Stephen Leacock Buildings (1970),,,,,,,,,,,,,,,,,PR013718,,Image;StillImage,image/jpg,,,,image,/objects/cb008_25.jpg,/objects/cb008_25.jpg,/objects/cb008_25.jpg,
cb008_26,cb008,Arts Building,,,,,,,,,,,,,,,,,PS005002,,Image;StillImage,image/jpg,,,,image,/objects/cb008_26.jpg,/objects/small/cb008_26_sm.jpg,/objects/thumbs/cb008_26_th.jpg,
cb008_27,cb008,Drawing of Arts Building as planned,,,,,,,,,,,,,,,,,PS005002,,Image;StillImage,image/jpg,,,,image,/objects/cb008_27.jpg,/objects/cb008_27.jpg,/objects/cb008_27.jpg,
cb008_28,cb008,Lecture in Moyse Hall (1956),,,,,,,,,,,,,,,,,PR017149,,Image;StillImage,image/jpg,,,,image,/objects/cb008_28.jpg,/objects/small/cb008_28_sm.jpg,/objects/thumbs/cb008_28_th.jpg,
cb009,,Redpath Museum,Hutchison and Steele,,,Peter Redpath,1882,,,Standing,,Arts & Libraries,Museum of Natural History,"The Redpath Museum, thought to be the first building in Canada erected for a museological purpose, was donated to McGill in 1882 by Peter Redpath, the president of Redpath Sugar, who also bestowed theRedpath Libraryupon the University. The three-storey, Montreal limestone Museum was designed by the firm of Hutchison and Steele in the Classical Revival style and is located on a prominent site on the west side of lower campus. Great pains were taken to continue the neo-Greek themes of the facade throughout the structure, especially in the column capitals. The interior of the building offers several storage spaces, labs, a lecture theatre, and a large exhibition gallery that spans the second and third floors. The north end is rounded and is composed almost entirely of windows, allowing light to illuminate the exhibition hall and the first floor lecture theatre for most of the day. Many improvements have been made to the interior over the years to improve the lighting, control the climate, and make better use of available space, but the structure itself remains unchanged.

When it was first opened, the Redpath Museum served as a gallery to house the natural history collections of Sir William Dawson, McGill's principal at the time. These collections are still attracting visitors today, a fact which becomes apparent when one is confronted by the mummies in the entrance foyer and the large dinosaur skeleton in the exhibition gallery.",Downtown Campus,"859 Sherbrooke St W, Montreal, Quebec H3A 2K6",45.50446675,-73.57738453,,,Image;StillImage,image/jpg,,,,compound_object,/objects/cb009_01.jpg,/objects/cb009_01.jpg,/objects/thumbs/cb009_01_th.jpg,
cb009_01,cb009,Redpath Museum,,,,,,,,,,,,,,,,,PS034632,,Image;StillImage,image/jpg,,,,image,/objects/cb009_01.jpg,/objects/cb009_01.jpg,/objects/thumbs/cb009_01_th.jpg,
cb009_02,cb009,Redpath Museum,,,,,,,,,,,,,,,,,PR002681,,Image;StillImage,image/jpg,,,,image,/objects/cb009_02.jpg,/objects/small/cb009_02_sm.jpg,/objects/thumbs/cb009_02_th.jpg,
cb009_03,cb009,Redpath Museum and Presbyterian College,,,,,,,,,,,,,,,,,PR002655,,Image;StillImage,image/jpg,,,,image,/objects/cb009_03.jpg,/objects/small/cb009_03_sm.jpg,/objects/thumbs/cb009_03_th.jpg,
cb009_04,cb009,Redpath Museum and Presbyterian College,,,,,,,,,,,,,,,,,PS034689,,Image;StillImage,image/jpg,,,,image,/objects/cb009_04.jpg,/objects/cb009_04.jpg,/objects/thumbs/cb009_04_th.jpg,
cb009_05,cb009,Museum interior ,,,,,,,,,,,,,,,,,PR014532,,Image;StillImage,image/jpg,,,,image,/objects/cb009_05.jpg,/objects/small/cb009_05_sm.jpg,/objects/thumbs/cb009_05_th.jpg,
cb009_06,cb009,Museum interior,,,,,,,,,,,,,,,,,PU010189,,Image;StillImage,image/jpg,,,,image,/objects/cb009_06.jpg,/objects/cb009_06.jpg,/objects/thumbs/cb009_06_th.jpg,
cb009_07,cb009,Lecture hall of Redpath Museum before the installation,,,,,,,,,,,,,,,,,PR026644,,Image;StillImage,image/jpg,,,,image,/objects/cb009_07.jpg,/objects/small/cb009_07_sm.jpg,/objects/thumbs/cb009_07_th.jpg,
cb009_08,cb009,Lecture,,,,,,,,,,,,Lecture in Redpath Museum Because There is No Room in the Arts Building of McGill University,,,,,PR017150,,Image;StillImage,image/jpg,,,,image,/objects/cb009_08.jpg,/objects/small/cb009_08_sm.jpg,/objects/thumbs/cb009_08_th.jpg,
cb009_09,cb009,Curator's laboratory,,,,,,,,,,,,,,,,,PL001271,,Image;StillImage,image/jpg,,,,image,/objects/cb009_09.jpg,/objects/small/cb009_09_sm.jpg,/objects/thumbs/cb009_09_th.jpg,
cb009_10,cb009,Redpath Museum,,,,,,,,,,,,,,,,,PS005043-03,,Image;StillImage,image/jpg,,,,image,/objects/cb009_10.jpg,/objects/cb009_10.jpg,/objects/cb009_10.jpg,
cb010,,McConnell Engineering Building,Fleming and Smith,,,John W. McConnell,1959,,,Standing,,Engineering & Science,Faculties of Engineering and School of Computer Science,"The McConnell Engineering Building was donated to McGill in 1959 by John W. McConnell, a major benefactor of the University since 1911 and one of its Governors from 1928 until 1958. In the period after World War II when all of the Engineering Faculties were greatly expanding, this nine-storey structure doubled the number of classrooms, lecture rooms, and offices available for use by the above faculties. McConnell Engineering, located on the southwest corner of Milton and University, provides a connection between theF. D. Adams Buildingto the south, and the Workman Wing of theMacdonald Engineering Buildingto the west. Along withMacdonald ChemistryandMacdonald Physics(now the Macdonald-Harrington Building and Macdonald-Stewart Library Building, respectively), McConnell Engineering creates a complete, joined circuit of buildings for Engineering and its Schools.

As is typical of Fleming and Smith's other campus projects, such as the F. D. Adams and theOtto Maass Chemistry Buildings, the McConnell Engineering Building features a modern use of concrete faced with stone, interrupted regularly by bands of windows. It is a very functional structure containing many labs and offices on all its floors and two large lecture theatres, one spanning the first and second floors, the other placed above it on the second and third floors. Generally, the more specialized facilities are located on higher floors, while the most frequently used labs and classrooms are on the lower floors. This keeps traffic between classes to a minimum and reduces the amount of crowding on the building's six elevators. Aside from the Chemical and Electrical Engineering Faculties, the School of Computer Science is also located in this building.

The only ornament of the McConnell Engineering is a series of three carvings on the east, facing University Street. Each contains the symbols of different fields of Engineering and creates a break in the pattern of windows.",Downtown Campus,"3480 Rue University, Montréal, QC H3A 2A7",45.50609831,-73.57642665,,,Image;StillImage,image/jpg,,,,compound_object,/objects/cb010_01.jpg,/objects/small/cb010_01_sm.jpg,/objects/thumbs/cb010_01_th.jpg,
cb010_01,cb010,McConnell Engineering Building view from campus,,,,,,,,,,,,,,,,,PR023142,,Image;StillImage,image/jpg,,,,image,/objects/cb010_01.jpg,/objects/small/cb010_01_sm.jpg,/objects/thumbs/cb010_01_th.jpg,
cb010_02,cb010,Architect's sketch,,,,,,,,,,,,,,,,,PR008032,,Image;StillImage,image/jpg,,,,image,/objects/cb010_02.jpg,/objects/small/cb010_02_sm.jpg,/objects/thumbs/cb010_02_th.jpg,
cb010_03,cb010,Construction site,,,,,,,,,,,,,,,,,PR039952,,Image;StillImage,image/jpg,,,,image,/objects/cb010_03.jpg,/objects/small/cb010_03_sm.jpg,/objects/thumbs/cb010_03_th.jpg,
cb010_04,cb010,Construction site (May 1958),,,,,,,,,,,,,,,,,PU010938,,Image;StillImage,image/jpg,,,,image,/objects/cb010_04.jpg,/objects/cb010_04.jpg,/objects/thumbs/cb010_04_th.jpg,
cb010_05,cb010,Construction site (March 1959),,,,,,,,,,,,,,,,,PU010929,,Image;StillImage,image/jpg,,,,image,/objects/cb010_05.jpg,/objects/cb010_05.jpg,/objects/cb010_05.jpg,
cb010_06,cb010,Under construction,,,,,,,,,,,,,,,,,PR039951,,Image;StillImage,image/jpg,,,,image,/objects/cb010_06.jpg,/objects/small/cb010_06_sm.jpg,/objects/thumbs/cb010_06_th.jpg,
cb010_07,cb010,McConnell Engineering,,,,,,,,,,,,,,,,,,ICC,Image;StillImage,image/jpg,,,,image,/objects/cb010_07.jpg,/objects/cb010_07.jpg,/objects/cb010_07.jpg,
cb010_08,cb010,McConnell Engineering ,,,,,,,,,,,,,,,,,PS034627,,Image;StillImage,image/jpg,,,,image,/objects/cb010_08.jpg,/objects/cb010_08.jpg,/objects/cb010_08.jpg,
cb011_01,,Upper Residences: McConnell Hall,"Durnford, Bolton, Chadwick, and Ellwood",,,Molson Family,1961,,,Standing,,Residences & Gymnasium,Residences ,"The upper residences are situated among the trees inMacdonald Park, a parcel of land on Mount Royal donated to McGill in 1911 by Sir William Macdonald, a major benefactor of the University. All of the residences exceptRoyal Victoria Collegeare located in Macdonald Park and are quite removed from the noise and commotion of the city. Originally, all of McGill's residences were designated for men with the exception of the Royal Victoria College, which was reserved for women. Today, RVC remains a women's residence while all of the other residences are co-educational. The upper residences, built in 1961 by the firm of Durnford, Bolton, Chadwick and Ellwood, consist of three separate housing buildings which surround a dining building. McConnell, Molson, and Gardner Halls are identical and provide housing for 672 students all together. Each seven-storey hall is split into two wings by a central stair and elevator core. Approximately thirty-six students are housed on each floor in single rooms, men in one wing, women in the other. There is a kitchenette on every floor and two large, common bathrooms, one per wing. Every room has cement block walls, a large window, and is equipped with built in furniture. There is a large common area, a television room, a study room, and a games room on the ground floor of each hall, and a laundry room in the basement. Other recreation is easily accessible because of the proximity of theGymnasium and Stadium, tennis courts, theWinter Stadium, the Forbes' Field, and Mount Royal. The exterior of these three halls is of brick, tile, and cement, alternating in regular patterns to allow a window in every bedroom. The entire central stairwell of each building is encased in glass.

Bishop Mountain Hall, named after McGill's first principal, is the dining building in the centre of the residence halls. The two-storey, circular structure contains a reception and administration area on the first floor, and a large cafeteria and kitchen on the second floor. The circular shape was decided upon so that the kitchen and cooking facilities could be located in the core of the building. This allows the outer rim of the second floor to be used as a large circular eating area, entirely encased in glass and able to be divided into four sections by moving partitions.",Downtown Campus,"3905 Rue University, Montréal, QC H2W 1S8",45.51097272,-73.58307983,,,Image;StillImage,image/jpg,,,,compound_object,/objects/cb011_01_01.jpg,/objects/cb011_01_01.jpg,/objects/cb011_01_01.jpg,
cb011_01_01,cb011_01,McConnell Hall,,,,,,,,,,,,,,,,,PS005044,,Image;StillImage,image/jpg,,,,image,/objects/cb011_01_01.jpg,/objects/cb011_01_01.jpg,/objects/cb011_01_01.jpg,
cb011_01_02,cb011_01,McConnell & Molson Halls,,,,,,,,,,,,,,,,,,ICC,Image;StillImage,image/jpg,,,,image,/objects/cb011_01_02.jpg,/objects/cb011_01_02.jpg,/objects/cb011_01_02.jpg,
cb011_01_03,cb011_01,McConnell Hall from Forbes Field,,,,,,,,,,,,,,,,,,ICC,Image;StillImage,image/jpg,,,,image,/objects/cb011_01_03.jpg,/objects/cb011_01_03.jpg,/objects/cb011_01_03.jpg,
cb011_01_04,cb011_01,McConnell Hall,,,,,,,,,,,,,,,,,,ICC,Image;StillImage,image/jpg,,,,image,/objects/cb011_01_04.jpg,/objects/cb011_01_04.jpg,/objects/cb011_01_04.jpg,
cb011_02,,Upper Residences: Molson Hall,"Durnford, Bolton, Chadwick, and Ellwood",,,Molson Family,1961,,,Standing,,Residences & Gymnasium,Residences ,"The upper residences are situated among the trees inMacdonald Park, a parcel of land on Mount Royal donated to McGill in 1911 by Sir William Macdonald, a major benefactor of the University. All of the residences exceptRoyal Victoria Collegeare located in Macdonald Park and are quite removed from the noise and commotion of the city. Originally, all of McGill's residences were designated for men with the exception of the Royal Victoria College, which was reserved for women. Today, RVC remains a women's residence while all of the other residences are co-educational. The upper residences, built in 1961 by the firm of Durnford, Bolton, Chadwick and Ellwood, consist of three separate housing buildings which surround a dining building. McConnell, Molson, and Gardner Halls are identical and provide housing for 672 students all together. Each seven-storey hall is split into two wings by a central stair and elevator core. Approximately thirty-six students are housed on each floor in single rooms, men in one wing, women in the other. There is a kitchenette on every floor and two large, common bathrooms, one per wing. Every room has cement block walls, a large window, and is equipped with built in furniture. There is a large common area, a television room, a study room, and a games room on the ground floor of each hall, and a laundry room in the basement. Other recreation is easily accessible because of the proximity of theGymnasium and Stadium, tennis courts, theWinter Stadium, the Forbes' Field, and Mount Royal. The exterior of these three halls is of brick, tile, and cement, alternating in regular patterns to allow a window in every bedroom. The entire central stairwell of each building is encased in glass.

Bishop Mountain Hall, named after McGill's first principal, is the dining building in the centre of the residence halls. The two-storey, circular structure contains a reception and administration area on the first floor, and a large cafeteria and kitchen on the second floor. The circular shape was decided upon so that the kitchen and cooking facilities could be located in the core of the building. This allows the outer rim of the second floor to be used as a large circular eating area, entirely encased in glass and able to be divided into four sections by moving partitions.",Downtown Campus,"3915 Rue University, Montréal, QC H2W 1S8",45.51122991,-73.58379141,,,Image;StillImage,image/jpg,,,,image,/objects/cb011_02.jpg,/objects/cb011_02.jpg,/objects/cb011_02.jpg,
cb011_03,,Upper Residences: Gardner Hall,"Durnford, Bolton, Chadwick, and Ellwood",,,Molson Family,1961,,,Standing,,Residences & Gymnasium,Residences ,"The upper residences are situated among the trees inMacdonald Park, a parcel of land on Mount Royal donated to McGill in 1911 by Sir William Macdonald, a major benefactor of the University. All of the residences exceptRoyal Victoria Collegeare located in Macdonald Park and are quite removed from the noise and commotion of the city. Originally, all of McGill's residences were designated for men with the exception of the Royal Victoria College, which was reserved for women. Today, RVC remains a women's residence while all of the other residences are co-educational. The upper residences, built in 1961 by the firm of Durnford, Bolton, Chadwick and Ellwood, consist of three separate housing buildings which surround a dining building. McConnell, Molson, and Gardner Halls are identical and provide housing for 672 students all together. Each seven-storey hall is split into two wings by a central stair and elevator core. Approximately thirty-six students are housed on each floor in single rooms, men in one wing, women in the other. There is a kitchenette on every floor and two large, common bathrooms, one per wing. Every room has cement block walls, a large window, and is equipped with built in furniture. There is a large common area, a television room, a study room, and a games room on the ground floor of each hall, and a laundry room in the basement. Other recreation is easily accessible because of the proximity of theGymnasium and Stadium, tennis courts, theWinter Stadium, the Forbes' Field, and Mount Royal. The exterior of these three halls is of brick, tile, and cement, alternating in regular patterns to allow a window in every bedroom. The entire central stairwell of each building is encased in glass.

Bishop Mountain Hall, named after McGill's first principal, is the dining building in the centre of the residence halls. The two-storey, circular structure contains a reception and administration area on the first floor, and a large cafeteria and kitchen on the second floor. The circular shape was decided upon so that the kitchen and cooking facilities could be located in the core of the building. This allows the outer rim of the second floor to be used as a large circular eating area, entirely encased in glass and able to be divided into four sections by moving partitions.",Downtown Campus,"3925 Rue University, Montréal, QC H2W 1S8",45.51035543,-73.58415645,,,Image;StillImage,image/jpg,,,,multiple,/objects/cb011_03_01.jpg,/objects/cb011_03_01.jpg,/objects/cb011_03_01.jpg,
cb011_03_01,cb011_03,Gardner Hall,,,,,,,,,,,,,,,,,,ICC,Image;StillImage,image/jpg,,,,image,/objects/cb011_03_01.jpg,/objects/cb011_03_01.jpg,/objects/cb011_03_01.jpg,
cb011_03_02,cb011_03,Gardner Hall,,,,,,,,,,,,,,,,,,ICC,Image;StillImage,image/jpg,,,,image,/objects/cb011_03_02.jpg,/objects/cb011_03_02.jpg,/objects/cb011_03_02.jpg,
cb011_04,,Upper Residences: Bishop Mountain Hall,"Durnford, Bolton, Chadwick, and Ellwood",,,Molson Family,1961,,,Standing,,Residences & Gymnasium,Dining Hall,"The upper residences are situated among the trees inMacdonald Park, a parcel of land on Mount Royal donated to McGill in 1911 by Sir William Macdonald, a major benefactor of the University. All of the residences exceptRoyal Victoria Collegeare located in Macdonald Park and are quite removed from the noise and commotion of the city. Originally, all of McGill's residences were designated for men with the exception of the Royal Victoria College, which was reserved for women. Today, RVC remains a women's residence while all of the other residences are co-educational. The upper residences, built in 1961 by the firm of Durnford, Bolton, Chadwick and Ellwood, consist of three separate housing buildings which surround a dining building. McConnell, Molson, and Gardner Halls are identical and provide housing for 672 students all together. Each seven-storey hall is split into two wings by a central stair and elevator core. Approximately thirty-six students are housed on each floor in single rooms, men in one wing, women in the other. There is a kitchenette on every floor and two large, common bathrooms, one per wing. Every room has cement block walls, a large window, and is equipped with built in furniture. There is a large common area, a television room, a study room, and a games room on the ground floor of each hall, and a laundry room in the basement. Other recreation is easily accessible because of the proximity of theGymnasium and Stadium, tennis courts, theWinter Stadium, the Forbes' Field, and Mount Royal. The exterior of these three halls is of brick, tile, and cement, alternating in regular patterns to allow a window in every bedroom. The entire central stairwell of each building is encased in glass.

Bishop Mountain Hall, named after McGill's first principal, is the dining building in the centre of the residence halls. The two-storey, circular structure contains a reception and administration area on the first floor, and a large cafeteria and kitchen on the second floor. The circular shape was decided upon so that the kitchen and cooking facilities could be located in the core of the building. This allows the outer rim of the second floor to be used as a large circular eating area, entirely encased in glass and able to be divided into four sections by moving partitions.",Downtown Campus,"3935 Rue University, Montreal, Quebec H2W 1S8",45.51076213,-73.58348547,,,Image;StillImage,image/jpg,,,,compound_object,/objects/cb011_04_01.jpg,/objects/cb011_04_01.jpg,/objects/cb011_04_01.jpg,
cb011_04_01,cb011_04,Bishop Mountain Hall,,,,,,,,,,,,,,,,,,ICC,Image;StillImage,image/jpg,,,,image,/objects/cb011_04_01.jpg,/objects/cb011_04_01.jpg,/objects/cb011_04_01.jpg,
cb011_04_02,cb011_04,Sketch of Bishop Mountain Hall,,,,,,,,,,,,,,,,,PR008048,,Image;StillImage,image/jpg,,,,image,/objects/cb011_04_02.jpg,/objects/small/cb011_04_02_sm.jpg,/objects/thumbs/cb011_04_02_th.jpg,
cb012,,Roddick Gates & Gatehouse,Gratton Thompson,,,Lady Roddick,1924,,,Partially demolished,unknown,Rue Sherbrooke,Main Entrance to McGill,"Since the 1860's, McGill has had several gates placed at the main entrance on Sherbrooke Street. In William Dawson's time, there was a picket fence around the whole lower campus area with the gate marked off by arched hedges. Later, the gates were of carved stone lacing. Under Dawson's principalship, a charming, gabled gatehouse was built at the entrance and was the home of McGill's porter. From the 1880's through the early twentieth century, it was fashionable to have a family portrait taken against the background of the gatehouse, or other aspects of the campus.

In 1924, McGill acquired a permanent and monumental entrance. Lady Amy Redpath Roddick donated the Roddick Gates in memory of her beloved husband, Sir Thomas George Roddick, a renowned doctor who began the regular practice of sterile surgery using antiseptics and was dean of the Faculty of Medicine from 1901 to 1908. Sir Thomas was a very punctual man and so Lady Roddick decided that the most fitting memorial would be an entrance gate that incorporated a clock tower, complete with chimes at each end. Ironically, the clocks and chimes periodically stop with each of the four faces telling a different time. Lady Roddick commissioned Gratton Thompson to carry out the work on the Gates. His design gave the University the Classical Greek style colonnaded arms that welcome passersby onto the grounds of McGill today.",Downtown Campus,"15a Sherbrooke St W, Montreal, Quebec H3A 3E8",45.50392014,-73.57495366,,,Image;StillImage,image/jpg,,,,compound_object,/objects/cb012_01.jpg,/objects/small/cb012_01_sm.jpg,/objects/thumbs/cb012_01_th.jpg,
cb012_01,cb012,Roddick Gates (1950s),,,,,,,,,,,,,,,,,PR000690,,Image;StillImage,image/jpg,,,,image,/objects/cb012_01.jpg,/objects/small/cb012_01_sm.jpg,/objects/thumbs/cb012_01_th.jpg,
cb012_02,cb012,Gates (1860),,,,,,,,,,,,,,,,,PR009010,,Image;StillImage,image/jpg,,,,image,/objects/cb012_02.jpg,/objects/cb012_02.jpg,/objects/cb012_02.jpg,
cb012_03,cb012,Gates with crest (1939),,,,,,,,,,,,,,,,,PR000692,,Image;StillImage,image/jpg,,,,image,/objects/cb012_03.jpg,/objects/small/cb012_03_sm.jpg,/objects/thumbs/cb012_03_th.jpg,
cb012_04,cb012,Roddick Gates,,,,,,,,,,,,,,,,,PS034670,,Image;StillImage,image/jpg,,,,image,/objects/cb012_04.jpg,/objects/cb012_04.jpg,/objects/cb012_04.jpg,
cb012_05,cb012,Gatehouse ,,,,,,,,,,,,,,,,,,Notman Archives (McCord Museum),Image;StillImage,image/jpg,,,,image,/objects/cb012_05.jpg,/objects/cb012_05.jpg,/objects/cb012_05.jpg,
cb012_06,cb012,Gatehouse in winter,,,,,,,,,,,,,,,,,PS034678,,Image;StillImage,image/jpg,,,,image,/objects/cb012_06.jpg,/objects/cb012_06.jpg,/objects/cb012_06.jpg,
cb012_07,cb012,Roddick Gates (1950s),,,,,,,,,,,,,,,,,PU020219,,Image;StillImage,image/jpg,,,,image,/objects/cb012_07.jpg,/objects/small/cb012_07_sm.jpg,/objects/thumbs/cb012_07_th.jpg,
cb012_08,cb012,W. Stephen's Tandem,,,,,,,,,,,,,,,,,,Notman Archives (McCord Museum),Image;StillImage,image/jpg,,,,image,/objects/cb012_08.jpg,/objects/cb012_08.jpg,/objects/cb012_08.jpg,
cb012_09,cb012,Gate,,,,,,,,,,,,,,,,,PR026542,,Image;StillImage,image/jpg,,,,image,/objects/cb012_09.jpg,/objects/small/cb012_09_sm.jpg,/objects/thumbs/cb012_09_th.jpg,
cb012_10,cb012,Roddick Gates (1960s),,,,,,,,,,,,,,,,,PR017106,,Image;StillImage,image/jpg,,,,image,/objects/cb012_10.jpg,/objects/small/cb012_10_sm.jpg,/objects/thumbs/cb012_10_th.jpg,
cb013,,University Centre,"Affleck, Desbarats, Dimakopoulos, Lebensold, Sise (ARCOP)",,,,1965,,,Standing,,Lower McTavish,McGill Student Centre,"The new University Centre, built on McTavish Street in 1965, replaced theold Student Union Buildingon Sherbrooke Street, a jpgt of Sir William Macdonald that now houses theMcCord Museum. The Centre, three times as large as the old Union, was designed by ARCOP, the architecture firm of Affleck, Desbarats, Dimakopoulos, Lebensold, and Sise, who also designed theLeacock Building. The building is designed to accommodate all the offices and meeting rooms needed by McGill's vast assortment of social and cultural clubs. The main floor contains administration offices, the Student Council Chamber, the University pub, and a snack bar. The basement houses a small cafe named The Alley and various student services, such as legal aid and a travel agent. The cafeteria is on the second floor while two auditoriums, one large and one smaller, are on the third floor. The fourth floor is dedicated to club offices and meeting rooms, yet the only access to this area is by narrow staircases. The entire interior is of reinforced concrete and is quite durable. The exterior features large windows around the second storey cafeteria and prefabricated concrete panels covering the rest of the structure. Since there is only a thin strip of windows around the upper floor, the club offices do not receive much light. This building, designed with its function in mind, provides enough room for all of McGill's clubs and should continue to do so in the future.",Downtown Campus,"3480 Rue McTavish, Montréal, QC H3A 0G3",45.50355653,-73.57814397,,,Image;StillImage,image/jpg,,,,compound_object,/objects/cb013_01.jpg,/objects/cb013_01.jpg,/objects/cb013_01.jpg,
cb013_01,cb013,University Centre,,,,,,,,,,,,,,,,,PS005053-05,,Image;StillImage,image/jpg,,,,image,/objects/cb013_01.jpg,/objects/cb013_01.jpg,/objects/cb013_01.jpg,
cb013_02,cb013,Under construction (April 1964),,,,,,,,,,,,,,,,,PR027909,,Image;StillImage,image/jpg,,,,image,/objects/cb013_02.jpg,/objects/small/cb013_02_sm.jpg,/objects/thumbs/cb013_02_th.jpg,
cb013_03,cb013,View from McTavish,,,,,,,,,,,,,,,,,,ICC,Image;StillImage,image/jpg,,,,image,/objects/cb013_03.jpg,/objects/cb013_03.jpg,/objects/cb013_03.jpg,
cb013_04,cb013,View from campus,,,,,,,,,,,,,,,,,,ICC,Image;StillImage,image/jpg,,,,image,/objects/cb013_04.jpg,/objects/cb013_04.jpg,/objects/cb013_04.jpg,
cb013_05,cb013,Under construction (February 1964),,,,,,,,,,,,,,,,,PR027905,,Image;StillImage,image/jpg,,,,image,/objects/cb013_05.jpg,/objects/small/cb013_05_sm.jpg,/objects/thumbs/cb013_05_th.jpg,
cb013_06,cb013,View up McTavish,,,,,,,,,,,,,,,,,PS005053-03,,Image;StillImage,image/jpg,,,,image,/objects/cb013_06.jpg,/objects/cb013_06.jpg,/objects/cb013_06.jpg,
cb014,,J.K.L. Ross House,Edward and William Maxwell,,,,1909,,,,,Square Mile Mansions,Institute and Centre of Air and Space Law,"In 1909 James Ross commissioned the famous Montreal architects Edward and William Maxwell to build a house for his son, John Kenneth Leveson Ross, who loved nothing more than horse racing and yachting and managed to spend all of his considerable inheritance by 1935. Ross's house, located across from hisfather'son Peel Street, shows a trend towards a more austere, symmetrical, Classical style, prevalent in the early twentieth century. This abode, although supported by a steel frame, hides its modernity beneath a symmetrical, Edwardian Baroque style facade. Colossal Ionic pilasters, supporting a broken pediment, emphasize the centre and entrance of the building as does the balcony protruding over the door. As with many Classical edifices, the fenestration becomes less embellished with each ascending floor. The interior features several elegant oak paneled rooms, many of which have intricate plaster details on the ceiling. Marionopolis College bought the house in 1961 for CEGEP administration. In 1976, McGill purchased the house and named it the J.K.L. Ross house. Today it is occupied by the Institute and Centre of Air and Space Law.",Downtown Campus,"3647 Peel St, Montreal, QC H3A 1X1",45.50390522,-73.57993974,,,Image;StillImage,image/jpg,,,,multiple,/objects/cb014_01.jpg,/objects/cb014_01.jpg,/objects/cb014_01.jpg,
cb014_01,cb014,J.K.L. Ross House,,,,,,,,,,,,,,,,,,,Image;StillImage,image/jpg,,,,image,/objects/cb014_01.jpg,/objects/cb014_01.jpg,/objects/cb014_01.jpg,
cb014_02,cb014,J.K.L. Ross House,,,,,,,,,,,,,,,,,,,Image;StillImage,image/jpg,,,,image,/objects/cb014_02.jpg,/objects/cb014_02.jpg,/objects/cb014_02.jpg,
cb015,,Prince of Wales Terrace ,Unknown,,,,1860,,,Demolished,1971,Lower McTavish,,"The Prince of Wales Terrace, named in honour of the visit of the Prince of Wales, was commissioned in 1860 by Sir George Simpson. The prestigious Terrace, once located on the north side of Sherbrooke Street at the corner of McTavish Street, consisted of a row of nine houses which presented a unified, Montreal limestone facade in the Classical Greek style. Doric columns, pilasters, window details, and pedimented porticoes were repeated uniformly on the exterior of each house with a pediment emphasizing the centre of the structure. The east and west ends were of brick and did not continue the themes of the facade. The interiors of all of the houses were as elegant as the exterior. In 1890, Sir William Macdonald, one of McGill's greatest benefactors, took up residence at number 3, Prince of Wales Terrace, which remained in his family until the building's destruction. Another resident of the Terrace was Sir William Peterson, a principal of McGill for whomPeterson Hallwas named. In the late 1950s, the two easternmost units of the Prince of Wales Terrace were demolished to make way for the Royal Embassy Hotel. In 1971, McGill, who by that time owned the remaining houses, decided to use the site for the newSamuel Bronfman Building, and so the Prince of Wales Terrace was demolished.",Downtown Campus,"1001 Sherbrooke St W, Montreal, Quebec H3A 1G5",45.50256131,-73.57660955,,,Image;StillImage,image/jpg,,,,compound_object,/objects/cb015_01.jpg,/objects/cb015_01.jpg,/objects/cb015_01.jpg,
cb015_01,cb015,Prince of Wales Terrace ,,,,,,,,,,,,,,,,,,Notman Archives (McCord Museum),Image;StillImage,image/jpg,,,,image,/objects/cb015_01.jpg,/objects/cb015_01.jpg,/objects/cb015_01.jpg,
cb015_02,cb015,Entrance Hall,,,,,,,,,,,,,,,,,,Notman Archives (McCord Museum),Image;StillImage,image/jpg,,,,image,/objects/cb015_02.jpg,/objects/cb015_02.jpg,/objects/cb015_02.jpg,
cb015_03,cb015,Drawing Room,,,,,,,,,,,,,,,,,PR023282,,Image;StillImage,image/jpg,,,,image,/objects/cb015_03.jpg,/objects/small/cb015_03_sm.jpg,/objects/thumbs/cb015_03_th.jpg,
cb015_04,cb015,Room in Macdonald House,,,,,,,,,,,,,,,,,PR023281,,Image;StillImage,image/jpg,,,,image,/objects/cb015_04.jpg,/objects/small/cb015_04_sm.jpg,/objects/thumbs/cb015_04_th.jpg,
cb015_05,cb015,Prince of Wales Terrace demolished,,,,,,,,,,,,,,,,,PR034292,,Image;StillImage,image/jpg,,,,image,/objects/cb015_05.jpg,/objects/small/cb015_05_sm.jpg,/objects/thumbs/cb015_05_th.jpg,
cb016,,Donner Building ,"Lake, Little, and Mace",,,W.H. Donner,1947,,,Standing,,Northeast Corner,Faculty of Dentistry,"The Donner Building, named after its patron, W.H. Donner, was built in 1947 by the firm of Lake, Little, and Mace. At this time, the Faculty of Medicine was in need of more space and more modern facilities; the Donner Building provided both. This five storey concrete structure is located on Dr. Penfield Avenue, just south of theStrathcona Anatomy and Dentistry Building. It is a purely functional building and serves its purpose well by providing more lab space for the faculty. In 1965, theMcIntyre Medical Sciences Buildingwas constructed on Pine Avenue and the Donner Building was given to the Faculty of Dentistry, which still uses it today.",Downtown Campus,"740 Av. du Docteur-Penfield, Montréal, QC H3A 0G1",45.50697114,-73.57951496,,,Image;StillImage,image/jpg,,,,compound_object,/objects/cb016_01.jpg,/objects/small/cb016_01_sm.jpg,/objects/thumbs/cb016_01_th.jpg,
cb016_01,cb016,Donner Building ,,,,,,,,,,,,,,,,,PR039980,,Image;StillImage,image/jpg,,,,image,/objects/cb016_01.jpg,/objects/small/cb016_01_sm.jpg,/objects/thumbs/cb016_01_th.jpg,
cb016_02,cb016,Donner Building ,,,,,,,,,,,,,,,,,PS005012,,Image;StillImage,image/jpg,,,,image,/objects/cb016_02.jpg,/objects/cb016_02.jpg,/objects/cb016_02.jpg,
cb016_03,cb016,Donner Building ,,,,,,,,,,,,,,,,,PS034639,,Image;StillImage,image/jpg,,,,image,/objects/cb016_03.jpg,/objects/cb016_03.jpg,/objects/thumbs/cb016_03_th.jpg,
cb017,,McCord Stewart Museum (formerly Student Union Building),Percy Erskine Nobbs,,,Sir William Macdonald,1904,,,Standing,,Rue Sherbrooke,McCord Stewart Museum,"In 1919, David M. McCord bequeathed his extensive collection of Canadian artifacts to McGill because it had long since overflowed his estate and because he desired to ensure the perpetuation of his work. Mcgill was at first uncertain as to how the collection, really a small museum, could be properly displayed, but room was found for it in theold Jesse Joseph mansionon the northeast corner of Sherbrooke and McTavish Streets. This Square Mile style abode, named Dilcoosha, a Hindustani word meaning ""The Heart's Delight"", had been used during World War I as McGill's COTC headquarters; its long upstairs hall had even been used as a range for target practice. In 1921 the house opened as the McCord Museum and the collection began to expand from donation. Unfortunately, in 1936 Dilcoosha was in desperate need of repair. One of its walls had begun to buckle and it was deemed too structurally unstable to be opened to the public.
In 1955, the McCord Museum was moved from Dilcoosha to the Hodgeson house, located on the northeast corner of Dr. Penfield and Drummond Streets, later the site of theStewart Biological Sciences Building. After this move, Dilcoosha was demolished because it was structurally unsound; its site was chosen for the newMcLennan Library, built in 1969. The McCord Museum was quite cramped in its new quarters and was kept closed to the public for lack of display rooms. Yet, in the 1950s, a series of articles was published on the subject of the Notman Photograph archive, a fascinating record of life at the turn of the century, which was part of the McCord's holdings. Because of this, the McCord opened a small part of the museum to the public. Shortly after this the National Gallery of Ottawa asked permission to borrow and display some of the rare paintings from the McCord. Public interest began to grow and soon the McCord was once again being offered donations and had soon far outgrown the Hodgeson house. At this point McGill was faced with the choice of giving the Museum its independence, or finding suitable quarters for it on campus.

In 1965, it was decided that the old Student Union Building would be the new home of the McCord Museum. This English Palazzo style edifice, located on Sherbrooke Street just west of University Street, had been donated to McGill in 1905 by Sir William Macdonald, a major benefactor of the University. It was designed by Percy Erskine Nobbs, Director of the School of Architecture at the time, and his associates Hutchison and Wood. When it was opened in 1905, it was declared one of the finest clubs in Montreal. Membership in the Union was offered to any male student in the University willing to pay $5.00 a year, but the Union had much to offer. The structure, built of Montreal limestone, was elegant, but was not overly ornamented. The basement contained an exercise room, baths, showers, the kitchen, and storage areas. The entrance hall, on the first floor, led into the dining room and the luncheon room where students could get a hot meal after class. The second floor contained a spacious, comfortable lounge furnished with chairs and tables designed by Nobbs and heated, in part, by a large fireplace. The great hall, with frescoed tympanums above the windows, stretched the length of the third floor. By 1965, McGill's enrolment had increased to the extent that the Student Union, although very posh, was not large enough to serve the needs of the student body, both male and female. At this time, McGill decided to construct a newUniversity Centreon McTavish Street, leaving the old Student Union vacant for occupancy by the McCord Museum. Renovations, paid for in great part by the John W. McConnell Foundation, were begun and, in 1971, the McCord Museum opened in its new, spacious home.

After 1971, the McCord Museum once again began to receive increasing numbers of donations until, in 1987, it was decided to expand Nobbs' structure to give the Museum more room, and state-of-the-art preservation labs and climate control. This extension, paid for by the John W. McConnell Foundation, was constructed of limestone to match the original building. The McCord Museum was reopened to the public, in what is now its permanent home, after the extension was finished in 1991.
",Downtown Campus,"690 Sherbrooke St W, Montreal, Quebec H3A 1E9",45.5043097,-73.57345688,,,Image;StillImage,image/jpg,,,,compound_object,/objects/cb017_01.jpg,/objects/small/cb017_01_sm.jpg,/objects/thumbs/cb017_01_th.jpg,
cb017_01,cb017,Student Union Building,,,,,,,,,,,,,,,,,PR026548,,Image;StillImage,image/jpg,,,,image,/objects/cb017_01.jpg,/objects/small/cb017_01_sm.jpg,/objects/thumbs/cb017_01_th.jpg,
cb017_02,cb017,Dilcoosha,,,,,,,,,,,,,,,,,PR023139,,Image;StillImage,image/jpg,,,,image,/objects/cb017_02.jpg,/objects/small/cb017_02_sm.jpg,/objects/thumbs/cb017_02_th.jpg,
cb017_03,cb017,Student Union Building,,,,,,,,,,,,,,,,,PR009036,,Image;StillImage,image/jpg,,,,image,/objects/cb017_03.jpg,/objects/small/cb017_03_sm.jpg,/objects/thumbs/cb017_03_th.jpg,
cb017_04,cb017,Student Union and Strathcona Hall from east,,,,,,,,,,,,,,,,,PR009038,,Image;StillImage,image/jpg,,,,image,/objects/cb017_04.jpg,/objects/small/cb017_04_sm.jpg,/objects/thumbs/cb017_04_th.jpg,
cb017_05,cb017,Door to Student Union,,,,,,,,,,,,,,,,,PR009034,,Image;StillImage,image/jpg,,,,image,/objects/cb017_05.jpg,/objects/small/cb017_05_sm.jpg,/objects/thumbs/cb017_05_th.jpg,
cb017_06,cb017,Ice rink with Strathcona Hall & Student Union,,,,,,,,,,,,,,,,,PR009004,,Image;StillImage,image/jpg,,,,image,/objects/cb017_06.jpg,/objects/cb017_06.jpg,/objects/cb017_06.jpg,
cb017_07,cb017,Lounge,,,,,,,,,,,,,,,,,PR026588,,Image;StillImage,image/jpg,,,,image,/objects/cb017_07.jpg,/objects/small/cb017_07_sm.jpg,/objects/thumbs/cb017_07_th.jpg,
cb017_08,cb017,Cigarette seller,,,,,,,,,,,,,,,,,PR015975,,Image;StillImage,image/jpg,,,,image,/objects/cb017_08.jpg,/objects/small/cb017_08_sm.jpg,/objects/thumbs/cb017_08_th.jpg,
cb017_09,cb017,McCord Museum,,,,,,,,,,,,,,,,,PS005024-6,,Image;StillImage,image/jpg,,,,image,/objects/cb017_09.jpg,/objects/cb017_09.jpg,/objects/cb017_09.jpg,
cb018,,Charles Meredith House,Edward and William Maxwell,,,Royal Victoria Hospital,1907,,,Standing,,Square Mile Mansions,Department of Occupational Health,"The Charles Meredith House, built in 1907 by the well-known Canadian architects Edward and William Maxwell, is located on Pine Avenue just west of the Lady Meredith House which belonged to Charles' sister. This Georgian style Square Mile residence was occupied by Mr. Meredith and his family until 1937, at which point it became a nurses' residence for the Royal Victoria Hospital, one block to the east. In 1975, the house was donated to McGill and became the home of the Department of Occupational Health (Faculty of Medicine) and is now part of the Joint Departments of Epidemiology, Biostatistics and Occupational Health.",Downtown Campus,"1130 Ave des Pins Ouest, Montreal, Quebec H3A 1A3",45.50399719,-73.58220443,,,Image;StillImage,image/jpg,,,,multiple,/objects/cb018_01.jpg,/objects/cb018_01.jpg,/objects/cb018_01.jpg,
cb018_01,cb018,Exterior from Pine Avenue,,,,,,,,,,,,,,,,,,,Image;StillImage,image/jpg,,,,image,/objects/cb018_01.jpg,/objects/cb018_01.jpg,/objects/cb018_01.jpg,
cb018_02,cb018,View from Pine Avenue,,,,,,,,,,,,,,,,,,,Image;StillImage,image/jpg,,,,image,/objects/cb018_02.jpg,/objects/cb018_02.jpg,/objects/cb018_02.jpg,
cb018_03,cb018,Drawing room converted to office,,,,,,,,,,,,,,,,,,,Image;StillImage,image/jpg,,,,image,/objects/cb018_03.jpg,/objects/cb018_03.jpg,/objects/cb018_03.jpg,
cb019,,James Ferrier Building (formerly Physical Plant),Percy Erskine Nobbs,,,,1909,,,Standing,,Arts & Libraries,Physical power plant,"In 1909, Percy Erskine Nobbs, who designed many of the campuses structures and was the Director of the School of Architecture at the time, was commissioned to build a Power House for McGill to provide heat and electricity to many of the campuses buildings. These facilities, located on Dr. Penfield Avenue, had previously been in theMacdonald Engineering Buildingand enabled the students to see engines at work. The building was expanded in 1926 and 1936 to keep up with the demands of the campus. In 1963, Fleming and Smith were hired to construct a modern power plant for the University on the same site as the old one. This purely functional, concrete edifice was named the James Ferrier Building after a chancellor of McGill.",Downtown Campus,"840 Av. du Docteur-Penfield, Montréal, QC H3A 1A4",45.50552345,-73.57837141,,McGill Archives,,image/jpg,,,,compound_object,/objects/cb019_01.jpg,/objects/cb019_01.jpg,/objects/cb019_01.jpg,
cb019_01,cb019,James Ferrier Building,,,,,,,,,,,,,,,,,PS005012-02,,Image;StillImage,image/jpg,,,,image,/objects/cb019_01.jpg,/objects/cb019_01.jpg,/objects/cb019_01.jpg,
cb019_02,cb019,Watercolour of the James Ferrier Building,,,,,,,,,,,,,,,,,,CAC,Image;StillImage,image/jpg,,,,image,/objects/cb019_02.jpg,/objects/cb019_02.jpg,/objects/cb019_02.jpg,
cb019_03,cb019,Power house,,,,,,,,,,,,,,,,,PR026792,,Image;StillImage,image/jpg,,,,image,/objects/cb019_03.jpg,/objects/small/cb019_03_sm.jpg,/objects/thumbs/cb019_03_th.jpg,
cb019_04,cb019,Power house,,,,,,,,,,,,,,,,,PR009009,,Image;StillImage,image/jpg,,,,image,/objects/cb019_04.jpg,/objects/small/cb019_04_sm.jpg,/objects/thumbs/cb019_04_th.jpg,
cb020,,Main Building,Hutchison and Wood,,,Sir William Macdonald,1907,1905,1907,Standing,,,John Abbott College,**See the history page,Macdonald Campus,"21275 Rue Lakeshore, Sainte-Anne-de-Bellevue, QC H9X 1S2",45.40597538,-73.94186435,,,,image/jpg,,,,compound_object,/objects/cb020_01.jpg,/objects/small/cb020_01_sm.jpg,/objects/thumbs/cb020_01_th.jpg,
cb020_01,cb020,Main Building (1925),,,,,,,,,,,,,,,,,PR026477,,Image;StillImage,image/jpg,,,,image,/objects/cb020_01.jpg,/objects/small/cb020_01_sm.jpg,/objects/thumbs/cb020_01_th.jpg,
cb020_02,cb020,Main Building (1906),,,,,,,,,,,,,,,,,PA003750,,Image;StillImage,image/jpg,,,,image,/objects/cb020_02.jpg,/objects/cb020_02.jpg,/objects/cb020_02.jpg,
cb020_03,cb020,Main Building (1958),,,,,,,,,,,,,,,,,PR039933,,Image;StillImage,image/jpg,,,,image,/objects/cb020_03.jpg,/objects/small/cb020_03_sm.jpg,/objects/thumbs/cb020_03_th.jpg,
cb020_04,cb020,Main Building,,,,,,,,,,,,,,,,,PS005219,,Image;StillImage,image/jpg,,,,image,/objects/cb020_04.jpg,/objects/cb020_04.jpg,/objects/cb020_04.jpg,
cb020_05,cb020,Main Building,,,,,,,,,,,,,,,,,PR039946,,Image;StillImage,image/jpg,,,,image,/objects/cb020_05.jpg,/objects/small/cb020_05_sm.jpg,/objects/thumbs/cb020_05_th.jpg,
cb020_06,cb020,Library reading room (1960),,,,,,,,,,,,,,,,,PR013907,,Image;StillImage,image/jpg,,,,image,/objects/cb020_06.jpg,/objects/small/cb020_06_sm.jpg,/objects/thumbs/cb020_06_th.jpg,
cb020_07,cb020,"Interior view of library, Macdonald College (1966)",,,,,,,,,,,,,,,,,PR039529,,Image;StillImage,image/jpg,,,,image,/objects/cb020_07.jpg,/objects/cb020_07.jpg,/objects/cb020_07.jpg,
cb020_08,cb020,Library reading room,,,,,,,,,,,,,,,,,PR026574,,Image;StillImage,image/jpg,,,,image,/objects/cb020_08.jpg,/objects/cb020_08.jpg,/objects/cb020_08.jpg,
cb021,,Observatory,Unknown,,,,1963,,,demolished,1963,Arts & Libraries,,"In 1856 Charles Smallwood was welcomed in the McGill community as an Honorary Professor of Meteorology. Although he did not possess a degree in this specific field, he had been recording the weather and rainfall every six hours each day since 1833. So dedicated was he to this empirical study that in 1846 he had built an observatory for himself at his home in St. Martin near Laval. He was thus more than qualified to instruct students on the subject of Meteorology. In 1863, McGill built a stone tower on a bluff just behind the Molson wing of theArts Buildingand Professor Smallwood's instruments were incorporated within. In the 1870's, C. H. MacLeod was recruited to assist the aging Professor Smallwood with his studies and, after Smallwood's death in 1873, MacLeod continued to telegraph the daily report to Toronto's Canadian Meteorological Service and took over Smallwood's studies. A few years later, McGill attached a house to the Observatory for MacLeod, now a professor, and his family. In 1874, MacLeod determined the Observatory's exact longitude using telegraph signals and was subsequently asked to wire the time daily to the railways, harbours, and government buildings in Ottawa. All of Canada set their watches by McGill's time for many years and the railways were still using the signal in the 1960's. Unfortunately, in 1963 McGill needed to expand the Arts Building and the Observatory was demolished to be replaced by theStephen Leacock Building. Set into the floor of this new concrete edifice are a copper square and a plaque on the wall that commemorate the Observatory and its achievements.",Downtown Campus,"855 Sherbrooke St W, Montreal, Quebec H3A 2T7",45.50434385,-73.57786082,,,Image;StillImage,image/jpg,,,,compund_object,/objects/cb021_01.jpg,/objects/cb021_01.jpg,/objects/cb021_01.jpg,
cb021_01,cb021,View of Observatory from campus,,,,,,,,,,,,,,,,,PU010567,,Image;StillImage,image/jpg,,,,image,/objects/cb021_01.jpg,/objects/cb021_01.jpg,/objects/cb021_01.jpg,
cb021_02,cb021,Weather observatory and pumping station (reservoir) from cupola of Arts Building,,,,,,,,,,,,,,,,,PR026558,,Image;StillImage,image/jpg,,,,image,/objects/cb021_02.jpg,/objects/small/cb021_02_sm.jpg,/objects/thumbs/cb021_02_th.jpg,
cb021_03,cb021,MacLeod in front of the Observatory,,,,,,,,,,,,,,,,,PU010560,,Image;StillImage,image/jpg,,,,image,/objects/cb021_03.jpg,/objects/cb021_03.jpg,/objects/cb021_03.jpg,
cb021_04,cb021,Observatory from Dr. Penfield Avenue,,,,,,,,,,,,,,,,,PU010553,,Image;StillImage,image/jpg,,,,image,/objects/cb021_04.jpg,/objects/cb021_04.jpg,/objects/cb021_04.jpg,
cb021_05,cb021,Instruments,,,,,,,,,,,,,,,,,PU010568,,Image;StillImage,image/jpg,,,,image,/objects/cb021_05.jpg,/objects/cb021_05.jpg,/objects/cb021_05.jpg,
cb021_06,cb021,An old telescope from the McGill Observatory,,,,,,,,,,,,,,,,,PU010571,,Image;StillImage,image/jpg,,,,image,/objects/cb021_06.jpg,/objects/cb021_06.jpg,/objects/thumbs/cb021_06_th.jpg,
cb021_07,cb021,Observatory,,,,,,,,,,,,,,,,,,ICC,Image;StillImage,image/jpg,,,,image,/objects/cb021_07.jpg,/objects/cb021_07.jpg,/objects/cb021_07.jpg,
cb021_08,cb021,Observatory,,,,,,,,,,,,,,,,,PU010574,,Image;StillImage,image/jpg,,,,image,/objects/cb021_08.jpg,/objects/cb021_08.jpg,/objects/cb021_08.jpg,
cb022,,"Macdonald Engineering, the Workman Wing, & the Electrical Wing",Percy Erskine Nobbs,,,Sir William Macdonald,1908,,,Standing,,Engineering & Science,Faculties of Engineering,"In the 1890's, theArts Buildingwas becoming more and more crowded as enrolment climbed and new faculties were added to the University. Thus, in 1893, the Applied Science Faculty, as Engineering was then called, was relocated to a new home consisting of two structures, one donated by Thomas Workman and one by Sir William Macdonald, one of McGill's most generous benefactors.

The site chosen for the new additions to the campus was just southeast of the Arts Building, near University Street. The architect commissioned for both was Sir Andrew Taylor and his partner at that time, William Gordon. In designing the Workman Workshops, Taylor kept in mind that it was to be used as the machine and technical shops and as such needed to be sturdy, functional, and not overly ornamented. In keeping with these ideas, the lower three storeys were constructed of rough hewn Montreal limestone. After theOld Medical Buildingburned down on April 16, 1907, some of its stone was used to add a fourth storey with rounded arched windows to the Workman Workshops. The proportions of the structure are well suited to laboratories housing large machines. In 1947, this building was changed considerably. A fifth floor was added in finished stone by McDougall, Fleming, and Smith, and the labs were transformed into office and classroom spaces.

Taylor's imposing, five-storey Macdonald Engineering Building featured a symmetrical, Italian Renaissance facade and was, like most of the campus, constructed of Montreal limestone on the exterior. The interior was lined with brick and was purely functional, containing on the ground floor a foundry, a forge, a steam and thermodynamics lab, a dynamo and engine room, and a hydraulics lab. The first floor housed a pattern shop, a wood shop, electrical equipment, and some offices. Most of the offices and classrooms were located on the second floor. The third floor included a library and an architecture and apparatus museum and the fourth was a studio and drafting room. Unfortunately, this perfectly equipped building was gutted by fire on April 5, 1907. The east wall, three upper storeys, most of the roof, and several professors' works were destroyed. Shortly after this, the Old Medical Building also burned down.

Immediately after the terrible fire, Sir William Macdonald stepped forward once again to offer a new Engineering Building to the University. This is the present Engineering Building was erected on the foundations of Taylor's project, and was designed in 1908 by Percy Erskine Nobbs, the Director of the School of Architecture at the time who was responsible for many other campus developments. The University requested that this structure, in lieu of the fate of Taylor's, be quite fire-proof and so Nobbs, like Taylor, had to put function ahead of ornament. Eighty-eight years later this edifice is still standing and is still used by the Faculties of Engineering. It has a layout and plan very similar to Taylor's. Like the old structure, it has a symmetrical facade, this time in a style influenced by Bernard Shaw. It is very practical, but contains some ornament, such as the carving, on the south wall, of a phoenix rising from ashes, a reminder of the fate of Taylor's building and a symbol of rebirth.

In 1926, the Electrical Engineering Wing, built by George Ross, was attached to the east end of the Workman Wing of the Engineering Building. Intended to be used as machine shops it was constructed of brick and had no ornamentation inside or out. It is difficult to see this structure today because it is within an area closed off by theFrank Dawson Adams Buildingand theMcConnell Engineering Buildingto the east, the Workman Wing to the north, the Macdonald Engineering Building to the west, and theMacdonald Chemistry Building(now called Macdonald-Harrington which houses the School of Architecture and Urban Planning) to the south.",Downtown Campus,"817 Sherbrooke St W, Montreal, Quebec H3A OC3",45.50578938,-73.57644657,,,Image;StillImage,image/jpg,,,,compund_object,/objects/cb022_01.jpg,/objects/small/cb022_01_sm.jpg,/objects/thumbs/cb022_01_th.jpg,
cb022_01,cb022,Macdonald Engineering (just opened) with Workman,,,,,,,,,,,,,,,,,PR009017,,Image;StillImage,image/jpg,,,,image,/objects/cb022_01.jpg,/objects/small/cb022_01_sm.jpg,/objects/thumbs/cb022_01_th.jpg,
cb022_02,cb022,Old Engineering Building,,,,,,,,,,,,,,,,,PR014525,,Image;StillImage,image/jpg,,,,image,/objects/cb022_02.jpg,/objects/small/cb022_02_sm.jpg,/objects/thumbs/cb022_02_th.jpg,
cb022_03,cb022,Workman Engineering Wing,,,,,,,,,,,,,,,,,PR026788,,Image;StillImage,image/jpg,,,,image,/objects/cb022_03.jpg,/objects/small/cb022_03_sm.jpg,/objects/thumbs/cb022_03_th.jpg,
cb022_04,cb022,Current dynamo laboratory,,,,,,,,,,,,,,,,,PR015230,,Image;StillImage,image/jpg,,,,image,/objects/cb022_04.jpg,/objects/small/cb022_04_sm.jpg,/objects/thumbs/cb022_04_th.jpg,
cb022_05,cb022,Pattern shop,,,,,,,,,,,,,,,,,PR015253,,Image;StillImage,image/jpg,,,,image,/objects/cb022_05.jpg,/objects/small/cb022_05_sm.jpg,/objects/thumbs/cb022_05_th.jpg,
cb022_06,cb022,Arch casts collection,,,,,,,,,,,,,,,,,PR015259,,Image;StillImage,image/jpg,,,,image,/objects/cb022_06.jpg,/objects/small/cb022_06_sm.jpg,/objects/thumbs/cb022_06_th.jpg,
cb022_07,cb022,Math classroom,,,,,,,,,,,,,,,,,PR015925,,Image;StillImage,image/jpg,,,,image,/objects/cb022_07.jpg,/objects/small/cb022_07_sm.jpg,/objects/thumbs/cb022_07_th.jpg,
cb022_08,cb022,After the fire,,,,,,,,,,,,,,,,,PU009011,,Image;StillImage,image/jpg,,,,image,/objects/cb022_08.jpg,/objects/small/cb022_08_sm.jpg,/objects/thumbs/cb022_08_th.jpg,
cb022_09,cb022,New Macdonald Engineering,,,,,,,,,,,,,,,,,PR002677,,Image;StillImage,image/jpg,,,,image,/objects/cb022_09.jpg,/objects/small/cb022_09_sm.jpg,/objects/thumbs/cb022_09_th.jpg,
cb022_10,cb022,Phoenix,,,,,,,,,,,,,,,,,PR008054,,Image;StillImage,image/jpg,,,,image,/objects/cb022_10.jpg,/objects/small/cb022_10_sm.jpg,/objects/thumbs/cb022_10_th.jpg,
cb022_11,cb022,Machine Class in Old Engineering,,,,,,,,,,,,,,,,,PR038079,,Image;StillImage,image/jpg,,,,image,/objects/cb022_11.jpg,/objects/small/cb022_11_sm.jpg,/objects/thumbs/cb022_11_th.jpg,
cb022_12,cb022,Macdonald Engineering,,,,,,,,,,,,,,,,,,ICC,,image/jpg,,,,image,/objects/cb022_12.jpg,/objects/cb022_12.jpg,/objects/cb022_12.jpg,
cb022_13,cb022,Macdonald Engineering,,,,,,,,,,,,,,,,,,ICC,,image/jpg,,,,image,/objects/cb022_13.jpg,/objects/cb022_13.jpg,/objects/cb022_13.jpg,
cb022_14,cb022,Old Macdonald Engineering Taylor,,,,,,,,,,,,,,,,,PR000648,,,image/jpg,,,,image,/objects/cb022_14.jpg,/objects/small/cb022_14_sm.jpg,/objects/thumbs/cb022_14_th.jpg,
cb022_15,cb022,Old Macdonald Engineering laboratory,,,,,,,,,,,,,,,,,PR015229,,,image/jpg,,,,image,/objects/cb022_15.jpg,/objects/small/cb022_15_sm.jpg,/objects/thumbs/cb022_15_th.jpg,
cb022_16,cb022,Old Macdonald Engineering mill room,,,,,,,,,,,,,,,,,PR015236,,,image/jpg,,,,image,/objects/cb022_16.jpg,/objects/small/cb022_16_sm.jpg,/objects/thumbs/cb022_16_th.jpg,
cb022_17,cb022,Hydraulics laboratory,,,,,,,,,,,,,,,,,PR015257,,,image/jpg,,,,image,/objects/cb022_17.jpg,/objects/small/cb022_17_sm.jpg,/objects/thumbs/cb022_17_th.jpg,
cb022_18,cb022,Old Macdonald Engineering after the fire,,,,,,,,,,,,,,,,,PR023150,,,image/jpg,,,,image,/objects/cb022_18.jpg,/objects/small/cb022_18_sm.jpg,/objects/thumbs/cb022_18_th.jpg,
cb022_19,cb022,New Macdonald Engineering,,,,,,,,,,,,,,,,,PR009028,,,image/jpg,,,,image,/objects/cb022_19.jpg,/objects/small/cb022_19_sm.jpg,/objects/thumbs/cb022_19_th.jpg,
cb023,cb022,Morrice Hall (formerly Presbyterian College),John J. Browne,,,David Morrice,1882,,,Standing,,Arts & Libraries,"Faculty of Arts, Islamic Studies","The Presbyterian College of Montreal was founded in the year 1864 with the intent of establishing an educational and training facility for ministers, yet the college did not have a permanent home until 1871. By this time, enough funds had been raised by the first principal of the College, Reverend D.H. MacVicar, to hire A.C. Hutchison to design the first part of the College on McTavish Street. This Gothic style edifice was to house the Principal's quarters, the library, an examination room, several lecture rooms, offices and a lounge for the professors, and dorms and a large lounge for the students. A four-storey tower, which commanded a spectacular view of downtown, was placed in the central part of the front of this Montreal limestone building. The Gothic theme, a reminder of the College's function, was emphasized in the details and ornament, the shape of the windows, and the steep, slate roof. Although this initial phase provided the College with an address, it did not allow enough room for the College's activities.

In 1880, David Morrice, the Chairman of the Board of Management for the College, donated money to expand the College to an adequate size. John J. Browne was commissioned for the extension which doubled the space of the College. A convocation hall, a library, a dining hall, and more dorm rooms were constructed to the south of the original structure. The two were joined by a corridor and entrance hall, which was recessed from the street to form a courtyard. Two decorative towers were added, one marked the entrance hall and the other, still visible today, contained the library. The themes of the older portion of the building were continued and expanded upon with many carvings and details.

In 1961, the Presbyterian College moved to the southeast corner of Milton and University Streets at which point the old Presbyterian College was given to McGill by John W. McConnell, always a charitable friend of McGill, and renamed Morrice Hall after the building's original benefactor. In 1963, the Faculty of Arts was in desperate need of space. In response to this, McGill decided to erect theLeacock Buildingon the site of Morrice Hall. This new structure, originally designed to have twin towers, took the place of the 1871 section of the Hall and today is the only part of Browne's extension left. Morrice Hall is used today by Islamic Studies and the Faculty of Arts.",Downtown Campus ,"3485 Rue McTavish, Montréal, QC H3A 0E1",45.50401422,-73.57769366,,,,image/jpg,,,,compund_object,/objects/cb023_01.jpg,/objects/cb023_01.jpg,/objects/thumbs/cb023_01_th.jpg,
cb023_01,cb023,Morrice Hall,,,,,,,,,,,,,,,,,PS034655,,Image;StillImage,image/jpg,,,,image,/objects/cb023_01.jpg,/objects/cb023_01.jpg,/objects/thumbs/cb023_01_th.jpg,
cb023_02,cb023,Presbyterian College and Redpath Museum,,,,,,,,,,,,,,,,,PR002670,,Image;StillImage,image/jpg,,,,image,/objects/cb023_02.jpg,/objects/small/cb023_02_sm.jpg,/objects/thumbs/cb023_02_th.jpg,
cb023_03,cb023,Presbyterian College court,,,,,,,,,,,,,,,,,PR023216,,Image;StillImage,image/jpg,,,,image,/objects/cb023_03.jpg,/objects/small/cb023_03_sm.jpg,/objects/thumbs/cb023_03_th.jpg,
cb023_04,cb023,Presbyterian College court,,,,,,,,,,,,,,,,,PR026549,,Image;StillImage,image/jpg,,,,image,/objects/cb023_04.jpg,/objects/small/cb023_04_sm.jpg,/objects/thumbs/cb023_04_th.jpg,
cb023_05,cb023,Presbyterian College from courtyard,,,,,,,,,,,,,,,,,PR023170,,Image;StillImage,image/jpg,,,,image,/objects/cb023_05.jpg,/objects/small/cb023_05_sm.jpg,/objects/thumbs/cb023_05_th.jpg,
cb023_06,cb023,View from McTavish,,,,,,,,,,,,,,,,,,ICC,Image;StillImage,image/jpg,,,,image,/objects/cb023_06.jpg,/objects/cb023_06.jpg,/objects/cb023_06.jpg,
cb023_07,cb023,View from resevoir,,,,,,,,,,,,,,,,,,ICC,Image;StillImage,image/jpg,,,,image,/objects/cb023_07.jpg,/objects/cb023_07.jpg,/objects/cb023_07.jpg,
cb023_08,cb023,Presbyterian College,,,,,,,,,,,,,,,,,PR035355,,Image;StillImage,image/jpg,,,,image,/objects/cb023_08.jpg,/objects/small/cb023_08_sm.jpg,/objects/thumbs/cb023_08_th.jpg,
cb024_01,,Percival Molson Stadium in Macdonald Park,Percy Erskine Nobbs,,,Sir William Macdonald,1920,,,Standing,,Residences & Gymnasium,Stadium,"The three buildings that currently serve McGill's athletic needs are all located in Macdonald Park, an area of land bounded on the south by Pine Avenue, on the west by University Street, and to the north and east by Mount Royal. This parcel of land was donated to McGill in 1911 by Sir William Macdonald, one of the University's most charitable friends. At one time, the Law family house and the Molson estate, named Piedmont, were located here. In 1920, Macdonald paid for the construction of the Percival Molson Stadium, named after a young, athletic member of the Molson family who had won many trophies for McGill, but was killed by a shell in 1917, during World War I. Percy Erskine Nobbs, a Professor of Design in the School of Architecture at the time, designed the stadium and its fieldhouse. The stadium today is unchanged, except that its stands are much higher than was originally intended. They partially block the view from Douglas Hall, a residence to the north of the stadium.",Downtown Campus,"475 Ave des Pins Ouest, Montreal, Quebec H2W 1S4",45.51013893,-73.58077123,,,Image;StillImage,image/jpg,,,,compund_object,/objects/cb024_01_01.jpg,/objects/small/cb024_01_01_sm.jpg,/objects/thumbs/cb024_01_01_th.jpg,
cb024_01_01,cb024_01,"Molson Stadium football game, cheerleaders, band, players",,,,,,,,,,,,,,,,,PU039233,,Image;StillImage,image/jpg,,,,image,/objects/cb024_01_01.jpg,/objects/small/cb024_01_01_sm.jpg,/objects/thumbs/cb024_01_01_th.jpg,
cb024_01_02,cb024_01,Princess Elizabeth visits the stadium,,,,,,,,,,,,,,,,,PR039941,,Image;StillImage,image/jpg,,,,image,/objects/cb024_01_02.jpg,/objects/small/cb024_01_02_sm.jpg,/objects/thumbs/cb024_01_02_th.jpg,
cb024_01_03,cb024_01,Molson Stadium,,,,,,,,,,,,,,,,,PS005037,,Image;StillImage,image/jpg,,,,image,/objects/cb024_01_03.jpg,/objects/cb024_01_03.jpg,/objects/thumbs/cb024_01_03_th.jpg,
cb024_01_04,cb024_01,Molson House,,,,,,,,,,,,,,,,,PR039995,,Image;StillImage,image/jpg,,,,image,/objects/cb024_01_04.jpg,/objects/small/cb024_01_04_sm.jpg,/objects/thumbs/cb024_01_04_th.jpg,
cb024_01_05,cb024_01,"Molson House ""Piedmont"" (1880)",,,,,,,,,,,,,,,,,,Notman Archives (McCord Museum),Image;StillImage,image/jpg,,,,image,/objects/cb024_01_05.jpg,/objects/cb024_01_05.jpg,/objects/cb024_01_05.jpg,
cb024_01_06,cb024_01,Molson House interior,,,,,,,,,,,,,,,,,PR039995,,Image;StillImage,image/jpg,,,,image,/objects/cb024_01_06.jpg,/objects/small/cb024_01_06_sm.jpg,/objects/thumbs/cb024_01_06_th.jpg,
cb024_01_07,cb024_01,Law House (1863),,,,,,,,,,,,,,,,,,Notman Archives (McCord Museum),Image;StillImage,image/jpg,,,,image,/objects/cb024_01_07.jpg,/objects/cb024_01_07.jpg,/objects/cb024_01_07.jpg,
cb024_01_08,cb024_01,"Molson House ""Piedmont"" (1863)",,,,,,,,,,,,,,,,,,Notman Archives (McCord Museum),Image;StillImage,image/jpg,,,,image,/objects/cb024_01_08.jpg,/objects/cb024_01_08.jpg,/objects/cb024_01_08.jpg,
cb024_01_09,cb024_01,Law House,,,,,,,,,,,,,,,,,PR039995,,Image;StillImage,image/jpg,,,,image,/objects/cb024_01_09.jpg,/objects/small/cb024_01_09_sm.jpg,/objects/thumbs/cb024_01_09_th.jpg,
cb024_01_10,cb024_01,Molson Stadium (1919),,,,,,,,,,,,,,,,,PR035356,,Image;StillImage,image/jpg,,,,image,/objects/cb024_01_10.jpg,/objects/small/cb024_01_10_sm.jpg,/objects/thumbs/cb024_01_10_th.jpg,
cb024_02,,Sir Arthur Currie Memorial Gymnasium in Macdonald Park,A.J.C. Paine,,,McGill Graduate Society,1939,,,Standing,,Residences & Gymnasium,Gymnasium,"The three buildings that currently serve McGill's athletic needs are all located in Macdonald Park, an area of land bounded on the south by Pine Avenue, on the west by University Street, and to the north and east by Mount Royal. This parcel of land was donated to McGill in 1911 by Sir William Macdonald, one of the University's most charitable friends. 
In 1939, the Sir Arthur Currie Memorial Gymnasium-Armoury was constructed on the north side of Pine Avenue, just east of University Street. Sir Arthur Currie, for whom the gym was named, had been a highly-decorated general in World War I, after which he became principal of McGill from 1920 to 1933, the year of his death. The Gymnasium was paid for in part by a posthumous donation from Lord Strathcona, a long-standing benefactor of McGill, and in part by the Graduate Society which had been raising money and planning for years for this facility. In 1935, the Society held a competition for the best gym design among architectural graduates of McGill; the winner was commissioned to build the Gymnasium. Work on this brick structure was advanced rapidly with the onset of World War II in 1939. Due to its function and the limited funds at the time, no ornamentation was to be found throughout the structure and the swimming pool was not started. The gym ceiling is supported by trusses so that no pillars disturb the floor space. In 1947, the gym was extended and the swimming pool and the Memorial Hall were installed. The marble-floored Hall contains paintings of McGill's history and a wall of the names of all the graduates who gave their lives in the two World Wars. In 1994, an indoor track and tennis courts were added to the east end of the Gymnasium complex by the firm of Werlman and Guy.
",Downtown Campus,"475 Ave des Pins Ouest, Montreal, Quebec H2W 1S4",45.50966802,-73.57947046,,,Image;StillImage,image/jpg,,,,compund_object,/objects/cb024_02_01.jpg,/objects/small/cb024_02_01_sm.jpg,/objects/thumbs/cb024_02_01_th.jpg,
cb024_02_01,cb024_02,Sir Arthur Currie Memorial Gymnasium,,,,,,,,,,,,,,,,,PR017110,,,image/jpg,,,,image,/objects/cb024_02_01.jpg,/objects/small/cb024_02_01_sm.jpg,/objects/thumbs/cb024_02_01_th.jpg,
cb024_02_02,cb024_02,Gymnasium,,,,,,,,,,,,,,,,,PR017109,,Image;StillImage,image/jpg,,,,image,/objects/cb024_02_02.jpg,/objects/small/cb024_02_02_sm.jpg,/objects/thumbs/cb024_02_02_th.jpg,
cb024_02_03,cb024_02,Regiment training (WWII),,,,,,,,,,,,,,,,,PR023261,,Image;StillImage,image/jpg,,,,image,/objects/cb024_02_03.jpg,/objects/small/cb024_02_03_sm.jpg,/objects/thumbs/cb024_02_03_th.jpg,
cb024_02_04,cb024_02,Gymnasium,,,,,,,,,,,,,,,,,PS005007,,Image;StillImage,image/jpg,,,,image,/objects/cb024_02_04.jpg,/objects/cb024_02_04.jpg,/objects/cb024_02_04.jpg,
cb024_03,,McConnell Winter Stadium,"McDougall, Fleming, and Smith",,,John W. McConnell,1956,,,Standing,,Residences & Gymnasium,Ice arena,"The three buildings that currently serve McGill's athletic needs are all located in Macdonald Park, an area of land bounded on the south by Pine Avenue, on the west by University Street, and to the north and east by Mount Royal. This parcel of land was donated to McGill in 1911 by Sir William Macdonald, one of the University's most charitable friends. 
In 1956, J.W. McConnell, always a friend of the University, donated the McConnell Winter Stadium just northeast of the Gymnasium. This structure, built by McDougall, Fleming, and Smith, has an arched roof so that the entire interior can be used for stands and a hockey rink. This building, along with the gym and stadium, continues to satisfy the students' need for recreation and activity.",Downtown Campus,"3883 Rue University, Montréal, QC H2W 1S8",45.51200783,-73.58270659,,,Image;StillImage,image/jpg,,,,image,/objects/cb024_03_01.jpg,/objects/small/cb024_03_01_sm.jpg,/objects/thumbs/cb024_03_01_th.jpg,
cb024_03_01,cb024_03,Construction of Winter Stadium,,,,,,,,,,,,,,,,,PR039953,,Image;StillImage,image/jpg,,,,image,/objects/cb024_03_01.jpg,/objects/small/cb024_03_01_sm.jpg,/objects/thumbs/cb024_03_01_th.jpg,
cb025,,Hosmer House,Edward Maxwell,,,,1901,,,Standing,,Square Mile Mansions,School of Physical and Occupational Therapy,"In 1901, Charles Hosmer commissioned Edward Maxwell, one of Canada's most renowned architects who, with his brother William, designed the Montreal Museum of Fine Arts, to design a mansion for him on Drummond Street. Hosmer was a self-made entrepreneur who was, during his life, manager of the Canadian Pacific Railroad telegraph department and president of Ogilvie Flour Mills. The house, made of conspicuous orange sandstone, shows the influence of the Paris Beaux Arts and has an ornate facade in a distinctly French style. The interior featured a different style in each room. The library, done in rosewood, resembled a room from the Renaissance. The reception room hinted at the Rococo style of Louis XVI. The entrance hall and main staircase spoke of the grandeur and opulence of the Baroque. The bedrooms and the French Gothic dining hall were replete with carvings and details, and intricate iron work. Recently, more than thirty original, Renaissance, domestic stained glass panels were discovered in the windows and door panes of the mansion. They have since been reinstalled in theMacdonald-Harrington Buildingwhere they enhance the glass walls of the offices of the School of Architecture.

The Hosmer House, having weathered many decades, was bought by McGill in 1969 and now houses the Department of Physical and Occupational Therapy. Many of the rooms have been altered to suit the building's new function, but the original concept is still in evidence.",Downtown Campus,"3630 Promenade Sir-William-Osler, Montreal, Quebec H3G 1Y5",45.50209253,-73.58211111,,,Image;StillImage,image/jpg,,,,compound_object,/objects/cb025_01.jpg,/objects/cb025_01.jpg,/objects/cb025_01.jpg,
cb025_01,cb025,Hosmer House,,,,,,,,,,,,,,,,,,Notman Archives (McCord Museum),Image;StillImage,image/jpg,,,,image,/objects/cb025_01.jpg,/objects/cb025_01.jpg,/objects/cb025_01.jpg,
cb025_02,cb025,Hosmer House,,,,,,,,,,,,,,,,,,Notman Archives (McCord Museum),Image;StillImage,image/jpg,,,,image,/objects/cb025_02.jpg,/objects/cb025_02.jpg,/objects/cb025_02.jpg,
cb025_03,cb025,Grand staircase,,,,,,,,,,,,,,,,,,Notman Archives (McCord Museum),Image;StillImage,image/jpg,,,,image,/objects/cb025_03.jpg,/objects/cb025_03.jpg,/objects/cb025_03.jpg,
cb025_04,cb025,Library fireplace,,,,,,,,,,,,,,,,,,Notman Archives (McCord Museum),Image;StillImage,image/jpg,,,,image,/objects/cb025_04.jpg,/objects/cb025_04.jpg,/objects/cb025_04.jpg,
cb025_05,cb025,Hosmer House,,,,,,,,,,,,,,,,,PS005015,,Image;StillImage,image/jpg,,,,image,/objects/cb025_05.jpg,/objects/cb025_05.jpg,/objects/cb025_05.jpg,
cb025_06,cb025,Drawing room,,,,,,,,,,,,,,,,,,Notman Archives (McCord Museum),,image/jpg,,,,image,/objects/cb025_06.jpg,/objects/cb025_06.jpg,/objects/cb025_06.jpg,
cb025_07,cb025,Dining room,,,,,,,,,,,,,,,,,,Notman Archives (McCord Museum),,image/jpg,,,,image,/objects/cb025_07.jpg,/objects/cb025_07.jpg,/objects/cb025_07.jpg,
cb026,,McGill University Bookstore,Werlman and Guy,,,,1990,,,Standing,,Rue Shebrooke,McGill University Bookstore,"Over the years, the McGill Bookstore has had several homes, including a house that once existed on the site whereMcConnell Engineeringstands today. In 1990, the University commissioned the firm of Werlman and Guy to build a permanent edifice for the Bookstore on McTavish Street. This three-storey building has a concrete frame that is faced with Montreal limestone in keeping with the rest of the campus. In its size, shape, colour, and placement, the Bookstore blends with the neighboring structures and continues the facade of McTavish Street in a contemporary manner. The entrance and the southeast corner are enclosed in glass and serve as excellent display areas. The bookstore is now located in the campus store on Sherbrooke.",Downtown Campus,"680 Sherbrooke St W, Montreal, Quebec H3A 0B8",45.50474414,-73.57340926,,,Image;StillImage,image/jpg,,,,compound_object,/objects/cb026_01.jpg,/objects/cb026_01.jpg,/objects/cb026_01.jpg,
cb026_01,cb026,McGill University Bookstore,,,,,,,,,,,,,,,,,,,Image;StillImage,image/jpg,,,,image,/objects/cb026_01.jpg,/objects/cb026_01.jpg,/objects/cb026_01.jpg,
cb026_02,cb026,McGill University Bookstore,,,,,,,,,,,,,,,,,,,Image;StillImage,image/jpg,,,,image,/objects/cb026_02.jpg,/objects/cb026_02.jpg,/objects/cb026_02.jpg,
cb026_03,cb026,University Bookstore before McConnell Engineering,,,,,,,,,,,,,,,,,PR023172,,Image;StillImage,image/jpg,,,,image,/objects/cb026_03.jpg,/objects/small/cb026_03_sm.jpg,/objects/thumbs/cb026_03_th.jpg,
cb027,,Wilson Hall (formerly Wesleyan Theological College),Ross and Macdonald,,,United Theological College,1914,,,Standing,,Northeast Corner,Schools of Nursing and Social Work,"The Wesleyan Theological College was built on the northwest corner of University and Milton Streets in 1913-14 by the firm Ross and Macdonald, replacing an earlier building dating from 1866. Its purpose was to house the students of the College and provide classroom space for them. The College, renamed the United Theological College in 1929, was one of many theological schools once associated with McGill. In 1945, the United Theological College sold its building to McGill for one dollar and the building was renamed Wilson Hall after Morris Wilson, once a chancellor of the University. At this time, just after World War II, McGill required significantly more residence space and Wilson Hall was suited to this purpose. In 1962, this gabled, brick structure was transformed into the Schools of Nursing and Social Work and still serves this function today.",Downtown Campus,"3506 Rue University, Montréal, QC H3A 2A7",45.50645698,-73.57687354,,,Image;StillImage,image/jpg,,,,compound_object,/objects/cb027_02.jpg,/objects/small/cb027_02_sm.jpg,/objects/thumbs/cb027_02_th.jpg,
cb027_01,cb027,Wilson Hall ,,,,,,,,,,,,,,,,,PR023137,,Image;StillImage,image/jpg,,,,image,/objects/cb027_01.jpg,/objects/small/cb027_01_sm.jpg,/objects/thumbs/cb027_01_th.jpg,
cb027_02,cb027,Wilson Hall (1958),,,,,,,,,,,,,,,,,PR039961,,Image;StillImage,image/jpg,,,,image,/objects/cb027_02.jpg,/objects/small/cb027_02_sm.jpg,/objects/thumbs/cb027_02_th.jpg,
cb027_03,cb027,Birks Building and Wilson Hall,,,,,,,,,,,,,,,,,PS005004,,Image;StillImage,image/jpg,,,,image,/objects/cb027_03.jpg,/objects/cb027_03.jpg,/objects/cb027_03.jpg,
cb027_04,cb027,View from campus,,,,,,,,,,,,,,,,,,ICC,Image;StillImage,image/jpg,,,,image,/objects/cb027_04.jpg,/objects/cb027_04.jpg,/objects/cb027_04.jpg,
cb027_05,cb027,View from University,,,,,,,,,,,,,,,,,,ICC,Image;StillImage,image/jpg,,,,image,/objects/cb027_05.jpg,/objects/cb027_05.jpg,/objects/cb027_05.jpg,
cb027_06,cb027,Wilson Hall,,,,,,,,,,,,,,,,,PS034634,,,image/jpg,,,,image,/objects/cb027_06.jpg,/objects/cb027_06.jpg,/objects/cb027_06.jpg,
cb028,,Macdonald-Stewart Library Building (formerly Macdonald Physics Building),Sir Andrew Taylor,,,Sir William Macdonald,1893,,,Standing,,Engineering & Science, Macdonald-Stewart Library of Physical Sciences and Engineering,"The Macdonald Physics Building was constructed in 1893 by Sir Andrew Taylor, who designed several of the University's projects of the 1890's, and his partners at that time Morley Hogle and Huntley Davis. It was a jpgt of Sir William Macdonald, the donor of many other edifices on campus includingMacdonald Engineering,Macdonald Chemistry, and theOld Student Union(now the McCord Museum). As with many of his other projects, Taylor took into account the function of the building before its ornament, though the latter was not ignored. Knowing the nature of Physics experiments and the current needs of the field, he built the entire edifice using only wood, masonry, and copper, bronze and brass for the nails and fixtures. No iron or steel was used throughout, even in the radiators, to keep magnetic interference at a minimum. The interior is of heavy brick and is constructed in large arches, many of which have since been filled in. Many labs and much apparatus were originally provided for the study of electricity, light, heat, and the elements.

This Richardsonian Romanesque structure has an irregular shape, typical of this picturesque style, with a large tower dominating the northwest corner, yet a symmetrical south facade. It is ornamented in subtle ways by carvings and mottoes placed around the exterior and interior. The portico of what was once the main entrance has two columns stating ""Power"" and ""Knowledge"", two necessities of accomplishing any work within the walls. The entrance hall fireplace has a mantelpiece declaring ""Prove All Things"".

In May, 1903, this motto was challenged by a young Physics professor, Ernest Rutherford. He published and won the Nobel Prize for profound discoveries derived from experiments conducted in the Macdonald Physics Building, concerning the nature of radioactivity and the atom, an event that would have awed both Macdonald and Taylor. Some of the equipment and personal effects of the famous scientist until recently resided in a museum on the top floor. These were moved to the newErnest Rutherford Physics Building.

A fire broke out in the optics lab in December, 1924 causing $20,000 of damage; fortunately, the edifice was rescued. In 1930, a meteorology station was added to the top of the building and in 1941 a fourth floor was added. In 1982, Taylor's building no longer met the needs of the modern Physics department. It was at this point transformed into the Macdonald-Stewart Library Building of Physical Sciences and Engineering. Its sturdy structure has been well adapted to house many thousands of volumes and it is still regularly filled with physicists doing research.",Downtown Campus,"809 Sherbrooke St W, Montreal, Quebec H3A 2A7",45.505115,-73.57534003,,,Image;StillImage,image/jpg,,,,compound_object,/objects/cb028_02.jpg,/objects/small/cb028_02_sm.jpg,/objects/thumbs/cb028_02_th.jpg,
cb028_01,cb028,Macdonald-Stewart Library Building,,,,,,,,,,,,,,,,,,ICC,Image;StillImage,image/jpg,,,,image,/objects/cb028_01.jpg,/objects/cb028_01.jpg,/objects/cb028_01.jpg,
cb028_02,cb028,Macdonald Physics and Workman House,,,,,,,,,,,,,,,,,PR000678,,Image;StillImage,image/jpg,,,,image,/objects/cb028_02.jpg,/objects/small/cb028_02_sm.jpg,/objects/thumbs/cb028_02_th.jpg,
cb028_03,cb028,Construction workers,,,,,,,,,,,,,,,,,PR000645,,Image;StillImage,image/jpg,,,,image,/objects/cb028_03.jpg,/objects/small/cb028_03_sm.jpg,/objects/thumbs/cb028_03_th.jpg,
cb028_04,cb028,Under construction,,,,,,,,,,,,,,,,,PR000631,,Image;StillImage,image/jpg,,,,image,/objects/cb028_04.jpg,/objects/small/cb028_04_sm.jpg,/objects/thumbs/cb028_04_th.jpg,
cb028_05,cb028,Macdonald Physics Building,,,,,,,,,,,,,,,,,PR002666,,Image;StillImage,image/jpg,,,,image,/objects/cb028_05.jpg,/objects/small/cb028_05_sm.jpg,/objects/thumbs/cb028_05_th.jpg,
cb028_06,cb028,Horse and sleigh (1897),,,,,,,,,,,,,,,,,,Notman Archives (McCord Museum),Image;StillImage,image/jpg,,,,image,/objects/cb028_06.jpg,/objects/cb028_06.jpg,/objects/cb028_06.jpg,
cb028_07,cb028,Library,,,,,,,,,,,,,,,,,PR015261,,Image;StillImage,image/jpg,,,,image,/objects/cb028_07.jpg,/objects/cb028_07.jpg,/objects/cb028_07.jpg,
cb028_08,cb028,Fireplace,,,,,,,,,,,,,,,,,PR011283,,Image;StillImage,image/jpg,,,,image,/objects/cb028_08.jpg,/objects/small/cb028_08_sm.jpg,/objects/thumbs/cb028_08_th.jpg,
cb028_09,cb028,Lecture hall,,,,,,,,,,,,,,,,,PR011286,,,image/jpg,,,,image,/objects/cb028_09.jpg,/objects/small/cb028_09_sm.jpg,/objects/thumbs/cb028_09_th.jpg,
cb028_10,cb028,Old laboratory,,,,,,,,,,,,,,,,,PR015252,,,image/jpg,,,,image,/objects/cb028_10.jpg,/objects/small/cb028_10_sm.jpg,/objects/thumbs/cb028_10_th.jpg,
cb028_11,cb028,Fireplace closeup,,,,,,,,,,,,,,,,,PR011293,,,image/jpg,,,,image,/objects/cb028_11.jpg,/objects/small/cb028_11_sm.jpg,/objects/thumbs/cb028_11_th.jpg,
cb028_12,cb028,Macdonald Physics and Workman House,,,,,,,,,,,,,,,,,PR026555,,,image/jpg,,,,image,/objects/cb028_12.jpg,/objects/small/cb028_12_sm.jpg,/objects/thumbs/cb028_12_th.jpg,
cb028_13,cb028,Sketch of Macdonald Physics Building,,,,,,,,,,,,,,,,,PR034275,,,image/jpg,,,,image,/objects/cb028_13.jpg,/objects/small/cb028_13_sm.jpg,/objects/thumbs/cb028_13_th.jpg,
cb028_14,cb028,Macdonald Physics Building,,,,,,,,,,,,,,,,,PS005217,,,image/jpg,,,,image,/objects/cb028_14.jpg,/objects/cb028_14.jpg,/objects/cb028_14.jpg,
cb029,,Chancellor Day Hall (formerly James Ross House),Bruce Price,,,John W. McConnell,1892,,,Standing,,Square Mile Mansions,Faculty of Law,"In 1892, James Ross commissioned Bruce Price, a renowned American architect, who also designed McGill'sRoyal Victoria Collegeand the Chateau Frontenac in Quebec City, to build a house for him on Peel Street on the Square Mile. Ross was an entrepreneur of the Canadian Pacific Railroad, whose interests included yachting and collecting masterpieces. As such, he was the commander of the St. Lawrence Yacht Club and, later in his life, helped to create the Montreal Museum of Fine Arts. The house, with its two circular turrets and larger central tower, was constructed of Credit Valley limestone and was designed in the French Chateau style. Between 1897 and 1912, Edward and William Maxwell, a pair of well-known Montreal architects, were commissioned to redesign and expand parts of Price's original work. Part of this work involved adding to the mansion an art gallery wing, a breakfast room and bedroom, and several wrought iron and carved details. In 1913, James Ross died and his son, J.K.L. Ross inherited the house and a considerable fortune. He hired the firm of Trowbridge and Livingston to expand and remodel his late father's home, giving it a more austere, Classical appearance. In 1935, having spent all of his fortune on parties, horse racing, and yachts, J.K.L. Ross went bankrupt and the house was sold for a mere $51,000.

John W. McConnell bought the Ross Mansion in 1948 as a jpgt to McGill. At this time, it was renamed Chancellor Day Hall, after one of the University's first Chancellors, and was given to the Faculty of Law, which still occupies it today. In 1966, the firm of Bland and Lemoyne erected a six-storey, precast concrete tower just west of Chancellor Day Hall and connected to it by a corridor. This extension, which blends with the adjacentStewart Biological Sciences Building, provided more classrooms and library space.",Downtown Campus,"3644 Peel St, Montreal, QC H3A 1X1",45.50302317,-73.58081737,,,Image;StillImage,image/jpg,,,,compound_object,/objects/cb029_01.jpg,/objects/small/cb029_01_sm.jpg,/objects/thumbs/cb029_01_th.jpg,
cb029_01,cb029,Chancellor Day Hall,,,,,,,,,,,,,,,,,PR039994,,Image;StillImage,image/jpg,,,,image,/objects/cb029_01.jpg,/objects/small/cb029_01_sm.jpg,/objects/thumbs/cb029_01_th.jpg,
cb029_02,cb029,Art gallery in Ross House,,,,,,,,,,,,,,,,,,Notman Archives (McCord Museum),Image;StillImage,image/jpg,,,,image,/objects/cb029_02.jpg,/objects/cb029_02.jpg,/objects/cb029_02.jpg,
cb029_03,cb029,Drawing room composite (1876),,,,,,,,,,,,,,,,,,Notman Archives (McCord Museum),Image;StillImage,image/jpg,,,,image,/objects/cb029_03.jpg,/objects/cb029_03.jpg,/objects/cb029_03.jpg,
cb029_04,cb029,James Ross House,,,,,,,,,,,,,,,,,,Notman Archives (McCord Museum),Image;StillImage,image/jpg,,,,image,/objects/cb029_04.jpg,/objects/cb029_04.jpg,/objects/cb029_04.jpg,
cb029_05,cb029,James Ross House,,,,,,,,,,,,,,,,,,ICC,Image;StillImage,image/jpg,,,,image,/objects/cb029_05.jpg,/objects/cb029_05.jpg,/objects/cb029_05.jpg,
cb029_06,cb029,James Ross House,,,,,,,,,,,,,,,,,,ICC,Image;StillImage,image/jpg,,,,image,/objects/cb029_06.jpg,/objects/cb029_06.jpg,/objects/cb029_06.jpg,
cb029_07,cb029,1960s extension,,,,,,,,,,,,,,,,,PS005049,,Image;StillImage,image/jpg,,,,image,/objects/cb029_07.jpg,/objects/cb029_07.jpg,/objects/cb029_07.jpg,
cb030,,Martlet House (formerly Hallward House),Robert Findlay,,,,1925,,,Standing,,Medical Sciences," Development and Alumni Relations, Graduates' Society","The Martlet House, home of the Department of Development and Alumni Relations and McGill Graduates' Society, was once located on University Street, but, in 1971, it moved to Mountain Street. This new address was originally built in 1925 by Robert Findlay for Alice Hallward. The stone house features high pitched roofs on the exterior and elegant wood details on the interior. When the Graduates' Society began its occupancy, the interior was renovated to some degree, but many of the finely crafted details were left untouched.",Downtown Campus,"1430 Peel St, Montreal, Quebec H3A 1S8",45.50033408,-73.5738254,,,Image;StillImage,image/jpg,,,,compound_object,/objects/cb030_01.jpg,/objects/small/cb030_01_sm.jpg,/objects/thumbs/cb030_01_th.jpg,
cb030_01,cb030,Martlet House,,,,,,,,,,,,,,,,,PR035354,,Image;StillImage,image/jpg,,,,image,/objects/cb030_01.jpg,/objects/small/cb030_01_sm.jpg,/objects/thumbs/cb030_01_th.jpg,
cb030_02,cb030,Old Martlet House,,,,,,,,,,,,,,,,,PR034285,,Image;StillImage,image/jpg,,,,image,/objects/cb030_02.jpg,/objects/small/cb030_02_sm.jpg,/objects/thumbs/cb030_02_th.jpg,
cb031,,"Duggan House ""Braehead""",Andrew B. Taft,,,George H. Duggan,1861,,,Standing,,Square Mile Mansions,Faculty of Education,"Braehead was built in the English Gothic style by James Brown in 1861 for Orrin S. Wood, the manager of Allan's Montreal Telegraph Company. It is still located at the top of McTavish Street and was constructed of Montreal limestone taken from the demolished house of Simon McTavish which previously occupied the site. In 1879, Wood sold the house to Matthew H. Gault, who lived in it for many years before giving it to the army as a convalescence hospital for disabled soldiers. George H. Duggan bought Braehead in 1929 and occupied it until 1944, at which time he donated it to McGill with the proviso that he would live there until his death. In 1946, after Duggan had passed away, McGill's School of Commerce (now the Faculty of Management) moved in. Since the faculty already had possession ofPurvis Hall, next door, a passage was constructed between the two houses. In 1975, Braehead underwent a general renovation and in 1977 it was allotted to the Faculty of Education which needed more room. This faculty still occupies the old Gothic mansion which has not changed its appearance much, even after so many years.",Downtown Campus,"3724 Rue McTavish, Montréal, QC H3A 1A2",45.50492867,-73.58103377,,,Image;StillImage,image/jpg,,,,compound_object,/objects/cb031_03.jpg,/objects/small/cb031_03_sm.jpg,/objects/thumbs/cb031_03_th.jpg,
cb031_01,cb031,"""Braehead""",,,,,,,,,,,,,,,,,,Notman Archives (McCord Museum),Image;StillImage,image/jpg,,,,image,/objects/cb031_01.jpg,/objects/cb031_01.jpg,/objects/cb031_01.jpg,
cb031_02,cb031,"""Braehead"" (1890)",,,,,,,,,,,,,,,,,,Notman Archives (McCord Museum),Image;StillImage,image/jpg,,,,image,/objects/cb031_02.jpg,/objects/cb031_02.jpg,/objects/cb031_02.jpg,
cb031_03,cb031,"""Braehead"" (1944)",,,,,,,,,,,,,,,,,PR039993,,Image;StillImage,image/jpg,,,,image,/objects/cb031_03.jpg,/objects/small/cb031_03_sm.jpg,/objects/thumbs/cb031_03_th.jpg,
cb032,,Stewart Biological Sciences Building,"Dobush, Stewart, and Bourke",,,Stewart family in part,1965,,,Standing,,Medical Sciences,Departments of Psychology and Biology,"The Stewart Biological Sciences Building is situated just south of theMcIntyre Medical Sciences Building, to which it is linked by an enclosed bridge, and just west ofChancellor Day Hall, formerly known as the James Ross Mansion, which can be reached by crossing a concrete terrace. It was constructed in 1965 in McIntyre Park on the site of what was onceDuncan McIntyre's mansion, Craguie, a splendid, turreted Square Mile abode. At the beginning of this project, the Hodgeson house was located in the southwest corner of the chosen site. This building housed theMcCord Museumfor several years after it left the condemnedJoseph House, the current site ofMcLennan Library, in 1955. In 1971, the McCord Museum was moved to its current location in McGill's old Student Union. Shortly after this, Hodgeson house was demolished and the site was occupied by Stewart Biological Sciences alone.

Stewart Biology was designed by the firm Dobush, Stewart, and Bourke who were later commissioned for many other campus projects including McLennan Library andRutherford Physics. This structure was designed in two sections. The larger, seven-storey section is L-shaped and contains offices and labs. South of this is the lecture building which features two large theatres, seating 300 and 150 students respectively, that are linked to certain labs in Stewart Biology and McIntyre Medical Sciences by closed circuit television. This allows many students at a time to see a demonstration and saves the professor and teaching assistants having to repeat the procedure several times. The separation of the two units allows the teaching area to bear the burden of heavy traffic in between classes. On top of the teaching unit is a large conservatory where plants are housed for study. This undecorated complex is constructed of precast concrete panels over a steel frame. The exterior is of a texture and colour that matches the older structures on the campus.",Downtown Campus,"1205 Av. du Docteur-Penfield, Montréal, QC H3A 1W9",45.50255891,-73.58087453,,,Image;StillImage,image/jpg,,,,compound_object,/objects/cb032_07.jpg,/objects/cb032_07.jpg,/objects/cb032_07.jpg,
cb032_01,cb032,Stewart Biological Sciences Building,,,,,,,,,,,,,,,,,,ICC,Image;StillImage,image/jpg,,,,image,/objects/cb032_01.jpg,/objects/cb032_01.jpg,/objects/cb032_01.jpg,
cb032_02,cb032,Model of Stewart Biology,,,,,,,,,,,,,,,,,PS005054,,Image;StillImage,image/jpg,,,,image,/objects/cb032_02.jpg,/objects/cb032_02.jpg,/objects/cb032_02.jpg,
cb032_03,cb032,"Stewart, McIntyre, Hodgesen",,,,,,,,,,,,,,,,,PR013709,,Image;StillImage,image/jpg,,,,image,/objects/cb032_03.jpg,/objects/cb032_03.jpg,/objects/cb032_03.jpg,
cb032_04,cb032,View from the south,,,,,,,,,,,,,,,,,PS005049,,Image;StillImage,image/jpg,,,,image,/objects/cb032_04.jpg,/objects/cb032_04.jpg,/objects/cb032_04.jpg,
cb032_05,cb032,Lecture wing,,,,,,,,,,,,,,,,,PS005049,,Image;StillImage,image/jpg,,,,image,/objects/cb032_05.jpg,/objects/cb032_05.jpg,/objects/cb032_05.jpg,
cb032_06,cb032,Conservatory,,,,,,,,,,,,,,,,,,ICC,Image;StillImage,image/jpg,,,,image,/objects/cb032_06.jpg,/objects/cb032_06.jpg,/objects/cb032_06.jpg,
cb032_07,cb032,View from the north,,,,,,,,,,,,,,,,,PS005049,,Image;StillImage,image/jpg,,,,image,/objects/cb032_07.jpg,/objects/cb032_07.jpg,/objects/cb032_07.jpg,
cb032_08,cb032,Conservatory,,,,,,,,,,,,,,,,,,ICC,Image;StillImage,image/jpg,,,,image,/objects/cb032_08.jpg,/objects/cb032_08.jpg,/objects/cb032_08.jpg,
cb033_01,,Foster Radiation Laboratory and Cyclotron,"Fetherstonhaugh, Durnford, Bolton, and Chadwick",,,,1948,,,Standing,,Northeast Corner,Departments of Chemical and Metallurgical Engineering,"In the 1950s, the Department of Physics found that it had outgrown theMacdonald Physics Buildingboth in its need for space and technologically. New discoveries had been made that warranted the erection of more modern labs and facilities. In 1948, the firm of Fetherstonhaugh, Durnford, Bolton, and Chadwick was commissioned to build the Foster Radiation Laboratory and Cyclotron, named after the McGill physicist John Stuart Foster. Harold Fetherstonhaugh had already completed several projects for McGill, such as theWilliam and Henry Birks Building and Douglas Hall. The new lab, located northeast of the Arts Building, was a purely functional concrete structure that provided necessary space and more modern equipment for experiments in Physics.",Downtown Campus,"3610 Rue University, Montréal, QC H3A 2A7",45.50666468,-73.57862642,,,Image;StillImage,image/jpg,,,,compound_object,/objects/cb033_01_02.jpg,/objects/cb033_01_02.jpg,/objects/cb033_01_02.jpg,
cb033_01_01,cb033_01,Foster under construction (Nov. 1962),,,,,,,,,,,,,,,,,PL007118,,Image;StillImage,image/jpg,,,,image,/objects/cb033_01_01.jpg,/objects/small/cb033_01_01_sm.jpg,/objects/thumbs/cb033_01_01_th.jpg,
cb033_01_02,cb033_01,Foster Radiation Laboratory,,,,,,,,,,,,,,,,,PS005014,,,image/jpg,,,,image,/objects/cb033_01_02.jpg,/objects/cb033_01_02.jpg,/objects/cb033_01_02.jpg,
cb033_01_03,cb033_01,Foster and Eaton Construction (February 1967),,,,,,,,,,,,,,,,,PL007112,,Image;StillImage,image/jpg,,,,image,/objects/cb033_01_03.jpg,/objects/small/cb033_01_03_sm.jpg,/objects/thumbs/cb033_01_03_th.jpg,
cb033_01_04,cb033_01,Foster Radiation Laboratory,,,,,,,,,,,,,,,,,PS005218,,Image;StillImage,image/jpg,,,,image,/objects/cb033_01_04.jpg,/objects/cb033_01_04.jpg,/objects/cb033_01_04.jpg,
cb033_01_05,cb033_01,Foster Radiation Laboratory,,,,,,,,,,,,,,,,,,ICC,Image;StillImage,image/jpg,,,,image,/objects/cb033_01_05.jpg,/objects/cb033_01_05.jpg,/objects/cb033_01_05.jpg,
cb033_02,,Eaton Electronics Building (demolished),"Fetherstonhaugh, Durnford, Bolton, and Chadwick",,,Lady Eaton,1950,,,demolished,1996,Northeast Corner,,"In 1950, the Foster Radiation Laboratory and Cyclotron was joined by the Eaton Electronics Building, named after its donor, Lady Eaton. The Eaton Building completed an important phase of the expansion of the Department of Physics by providing more research facilities. It was demolished in 1996 to make way for the Chemical Engineering and Material Sciences Building.",Downtown Campus,"3610 Rue University, Montréal, QC H3A 2A7",45.50666468,-73.57862642,,,Image;StillImage,image/jpg,,,,compound_object,/objects/cb033_02_01.jpg,/objects/small/cb033_02_01_sm.jpg,/objects/thumbs/cb033_02_01_th.jpg,
cb033_02_01,cb033_02,Eaton Building,,,,,,,,,,,,,,,,,PR038174,,Image;StillImage,image/jpg,,,,image,/objects/cb033_02_01.jpg,/objects/small/cb033_02_01_sm.jpg,/objects/thumbs/cb033_02_01_th.jpg,
cb033_02_02,cb033_02,Eaton Electronics Laboratory Building under construction,,,,,,,,,,,,,,,,,PL007124,,Image;StillImage,image/jpg,,,,image,/objects/cb033_02_02.jpg,/objects/small/cb033_02_02_sm.jpg,/objects/thumbs/cb033_02_02_th.jpg,
cb033_02_03,cb033_02,Eaton Electronics Laboratory Building under construction,,,,,,,,,,,,,,,,,PL007121,,Image;StillImage,image/jpg,,,,image,/objects/cb033_02_03.jpg,/objects/small/cb033_02_03_sm.jpg,/objects/thumbs/cb033_02_03_th.jpg,
cb033_03,,Chemical Engineering and Material Sciences Building,Pratte and Troy,,,Mr. Wong,1996,,,Standing,,Northeast Corner,Departments of Chemical and Metallurgical Engineering,"The Chemical Engineering and Material Sciences Building, currently being constructed by the firm of Pratte and Troy, incorporates the structure of the Foster Lab in its design. This edifice, donated by Mr. Wong, an alumnus of McGill's School of Architecture, preserves the atmosphere of the campus both in its size and in its materials. It is composed of two sections, the older Foster section which consists of four storeys, and a new wing north of Foster which adds another six storeys to the whole. The Foster Wing, which will be used as offices, has had classrooms and labs added to both its west side and the top of the building, designated for Metallurgical Engineering labs. The new wing will be used for Chemical Engineering labs.",Downtown Campus,"3610 Rue University, Montréal, QC H3A 2A7",45.50666468,-73.57862642,,,Image;StillImage,image/jpg,,,,image,
cb034,,Ernest Rutherford Physics Building,"Dobush, Stewart, and Assoc.",,,,1977,,,Standing,,Northeast Corner,Department of Physics,"The Ernest Rutherford Physics Building, named after one of McGill's most famous radiation physicists, was constructed in 1977 to provide this department with more modern labs and equipment than could be housed in theMacdonald Physics Building. This five-storey structure, built by Dobush, Stewart, Hein, Longpr�, Marchand, and Goudreau, stands on University, across the way from theEaton Electronics Laboratory(recently demolished) and theFoster Radiation and Cyclotron Building. Dobush and Stewart were two of the architects commissioned forMcLennan LibraryandStewart Biologyand so were already familiar with the style of the campus. The Rutherford Building consists of prefabricated concrete slabs attached to a steel frame. Special precautions were taken to make the building as tremor free and stable as possible due to the nature of the experiments carried out here. The concrete is of a texture and colour that blends with the rest of the McGill campus structures. The only element of decoration in this functional building is the regular fenestration of tinted grey panels. The ground floor contains offices and large lecture rooms while the the upper storeys are given to offices and labs, some quite specialized. On the roof there are two astronomic observation domes used to study the stars on clear nights. Recently, the Ernest Rutherford Museum, which contains his desk and some of his equipment, was removed from theMacdonald-Stewart Libraryand was installed in the Ernest Rutherford Physics Building where it is still appreciated by modern physicists.",Downtown Campus,"3600 Rue University, Montréal, QC H3A 2T8",45.50717766,-73.57834928,,,Image;StillImage,image/jpg,,,,compound_object,/objects/cb034_01.jpg,/objects/cb034_01.jpg,/objects/cb034_01.jpg,
cb034_01,cb034,Ernest Rutherford Physics Building - View from University,,,,,,,,,,,,,,,,,PS005048,,Image;StillImage,image/jpg,,,,image,/objects/cb034_01.jpg,/objects/cb034_01.jpg,/objects/cb034_01.jpg,
cb034_02,cb034,View from campus,,,,,,,,,,,,,,,,,PS005048,,Image;StillImage,image/jpg,,,,image,/objects/cb034_02.jpg,/objects/cb034_02.jpg,/objects/cb034_02.jpg,
cb034_03,cb034,Rutherford Physics,,,,,,,,,,,,,,,,,,ICC,Image;StillImage,image/jpg,,,,image,/objects/cb034_03.jpg,/objects/cb034_03.jpg,/objects/cb034_03.jpg,
cb034_04,cb034,View from University,,,,,,,,,,,,,,,,,PS034643,,Image;StillImage,image/jpg,,,,image,/objects/cb034_04.jpg,/objects/cb034_04.jpg,/objects/cb034_04.jpg,
cb035,,Education Building,"Ellwood, Aimers, and Henderson",,,,1971,,,Standing,,Upper McTavish,Faculty of Education,"The Education Building was constructed in 1971 by the firm of Ellwood, Aimers, and Henderson in response to McGill's growing need for space. This seven-storey, brick and concrete structure, which stretches between McTavish and Peel Streets, is quite close toDuggan House, which is also devoted to the Faculty of Education. Although it is a modern building, its many tiered levels and brick facing allow it to blend with the older mansions around it with respect to shape and size. In this structure, more attention has been paid to detail than in other recent University projects. The Education Building is unusual in that it possesses a brick exterior, a feature which makes the edifice less austere than some of the other modern campus projects.",Downtown Campus,"3700 Rue McTavish, Montréal, QC H3A 1Y9",45.50471668,-73.58024063,,,Image;StillImage,image/jpg,,,,compound_object,/objects/cb035_01.jpg,/objects/cb035_01.jpg,/objects/cb035_01.jpg,
cb035_01,cb035,Education Building,,,,,,,,,,,,,,,,,PS005011,,Image;StillImage,image/jpg,,,,image,/objects/cb035_01.jpg,/objects/cb035_01.jpg,/objects/cb035_01.jpg,
cb035_02,cb035,Education Building,,,,,,,,,,,,,,,,,PS005011,,Image;StillImage,image/jpg,,,,image,/objects/cb035_02.jpg,/objects/cb035_02.jpg,/objects/cb035_02.jpg,
cb035_03,cb035,View from resevoir,,,,,,,,,,,,,,,,,,ICC,Image;StillImage,image/jpg,,,,image,/objects/cb035_03.jpg,/objects/cb035_03.jpg,/objects/cb035_03.jpg,
cb035_04,cb035,View from resevoir,,,,,,,,,,,,,,,,,,ICC,Image;StillImage,image/jpg,,,,image,/objects/cb035_04.jpg,/objects/cb035_04.jpg,/objects/cb035_04.jpg,
cb036,,Stephen Leacock Building,"Affleck, Desbarats, Dimakopoulos, Lebensold, and Sise (ARCOP)",,,,1965,,,Standing,,Arts & Libraries,Faculty of Arts,"The Stephen Leacock Building was named after Stephen Leacock, a Professor of Economics from 1901 to 1944 and a well-known Canadian humorist and author. The edifice was built in 1965 by ARCOP, a firm contributed to by Affleck, Desbarats, Dimokopoulos, Lebensold, and Sise who were also responsible for theUniversity Centre. At this time there were many building projects in progress all over the campus because of the dramatic climb in the enrolment of the University. Many of the faculties and departments had expanded beyond their spaces and needed room to grow, including the Faculty of Arts which had outgrown its ancestral home, the Arts Building. The area chosen for the new building had been, until then, the site of theMcGill Observatoryand of half of thePresbyterian College, whose remaining half is currently called Morrice Hall. The Leacock Building was originally planned as two towers, the second, which was found to be unnecessary and was never built, would have taken over the site of the remaining half of Morrice Hall, a charming Collegiate Gothic style structure.

Leacock is a ten-storey concrete structure that houses, on its lower three floors, twenty-four lecture rooms ranging in capacity from 30 seats to 200, not including the massive lecture room on the first floor which seats 650 students at a time. This large auditorium has no windows in it, to provide fewer distractions, and is half underground with the seats sloping in the same direction as the natural hillside. Since all of the lecture rooms are on the lower floors, they are easily accessible to students and keep the traffic to a minimum in the upper tower which is reserved for 125 offices served by elevators. The lower floors may be entered from the third floor terrace to the west, the second floor terrace to the south, the first floor street level, or from the Arts Building which is connected to Leacock from the east by a glass-walled corridor. Stairs, similar to those on the interior, connect the levels of the terrace.

The exterior is made of precast load-bearing concrete panels, each of which contains a sealed window. Concrete pillars help to support some of the projected portions of the structure, such as the protrusions over the ground floor glass walls. Care was taken to be economic with the lighting of the building and the first floor circulation passageways are lit, for the most part, by daylight which enters through the glass walls on the east and south sides. This durable structure currently houses the Departments of Humanities, Social Sciences, and Islamic Studies.",Downtown Campus,"855 Sherbrooke St W, Montreal, Quebec H3A 2T7",45.50432553,-73.57786051,,,Image;StillImage,image/jpg,,,,compound_object,/objects/cb036_01.jpg,/objects/small/cb036_01_sm.jpg,/objects/thumbs/cb036_01_th.jpg,
cb036_01,cb036,Stephen Leacock Building,,,,,,,,,,,,,,,,,PR015176,,Image;StillImage,image/jpg,,,,image,/objects/cb036_01.jpg,/objects/small/cb036_01_sm.jpg,/objects/thumbs/cb036_01_th.jpg,
cb036_02,cb036,Construction site (April 1964),,,,,,,,,,,,,,,,,PR034263,,Image;StillImage,image/jpg,,,,image,/objects/cb036_02.jpg,/objects/small/cb036_02_sm.jpg,/objects/thumbs/cb036_02_th.jpg,
cb036_03,cb036,Stephen Leacock Building,,,,,,,,,,,,,,,,,PS005018,,Image;StillImage,image/jpg,,,,image,/objects/cb036_03.jpg,/objects/cb036_03.jpg,/objects/cb036_03.jpg,
cb036_04,cb036,Council room,,,,,,,,,,,,,,,,,PR034262,,Image;StillImage,image/jpg,,,,image,/objects/cb036_04.jpg,/objects/small/cb036_04_sm.jpg,/objects/thumbs/cb036_04_th.jpg,
cb036_05,cb036,Hall to Arts Building,,,,,,,,,,,,,,,,,PR034300,,Image;StillImage,image/jpg,,,,image,/objects/cb036_05.jpg,/objects/small/cb036_05_sm.jpg,/objects/thumbs/cb036_05_th.jpg,
cb036_06,cb036,Leacock with hall to Arts Building,,,,,,,,,,,,,,,,,PS005018,,Image;StillImage,image/jpg,,,,image,/objects/cb036_06.jpg,/objects/cb036_06.jpg,/objects/cb036_06.jpg,
cb036_07,cb036,View from Dr. Penfield Avenue,,,,,,,,,,,,,,,,,,ICC,Image;StillImage,image/jpg,,,,image,/objects/cb036_07.jpg,/objects/cb036_07.jpg,/objects/cb036_07.jpg,
cb036_08,cb036,View from resevoir,,,,,,,,,,,,,,,,,,ICC,Image;StillImage,image/jpg,,,,image,/objects/cb036_08.jpg,/objects/cb036_08.jpg,/objects/cb036_08.jpg,
cb036_09,cb036,Construction (April 1964),,,,,,,,,,,,,,,,,PR034264,,Image;StillImage,image/jpg,,,,image,/objects/cb036_09.jpg,/objects/small/cb036_09_sm.jpg,/objects/thumbs/cb036_09_th.jpg,
cb036_10,cb036,Under construction,,,,,,,,,,,,,,,,,PS005018,,Image;StillImage,image/jpg,,,,image,/objects/cb036_10.jpg,/objects/cb036_10.jpg,/objects/cb036_10.jpg,
cb036_11,cb036,Lounge,,,,,,,,,,,,,,,,,PR034271,,Image;StillImage,image/jpg,,,,image,/objects/cb036_11.jpg,/objects/small/cb036_11_sm.jpg,/objects/thumbs/cb036_11_th.jpg,
cb036_12,cb036,Office,,,,,,,,,,,,,,,,,PR034272,,Image;StillImage,image/jpg,,,,image,/objects/cb036_12.jpg,/objects/small/cb036_12_sm.jpg,/objects/thumbs/cb036_12_th.jpg,
cb037,,Rupert's Terrace,Unknown,,,,1862,,,Partially demolished ,1990,Lower McTavish,"East Asian Studies, Arts, McGill-Queen's University Press","Rupert's Terrace, almost as prominent a building as thePrince of Wales Terrace to the south, was built in 1862 on McTavish Street where it meets Sherbrooke. It consisted of eight row houses, of which the northernmost three were demolished by Alfred Baumgarten when he constructed his house on McTavish Street in 1886. In 1990, the southernmost two houses were taken down to allow space for the new Bookstore. The remaining three houses are today occupied by McGill's Department of East Asian Studies, the Arts Faculty, and the McGill-Queen's University Press.",Downtown Campus,,45.50317483,-73.57671682,,,Image;StillImage,image/jpg,,,,multiple,/objects/cb037.jpg,/objects/small/cb037_sm.jpg,/objects/thumbs/cb037_th.jpg,
cb037_01,cb037,View of McTavish Street from Mt. Royal with Rupert's Terrace (1869),,,,,,,,,,,,,,,,,PR023145,,Image;StillImage,image/jpg,,,,image,/objects/cb037.jpg,/objects/small/cb037_sm.jpg,/objects/thumbs/cb037_th.jpg,
cb038,,Samuel Bronfman Building,"Chadwick, Pope, and
Edge",,,Samuel Bronfman,1971,,,Standing,,Lower McTavish,"Faculty of Management,
Departments of German, Hispanic, and Italian Studies","The Faculty of Management, once known as the School of Commerce, was originally located in the Arts Building. In 1942, John W. McConnell, a dedicated benefactor of McGill, Bought Purvis Hall, located on Pine near Peel Street, for the School of Commerce and the Faculty of Law. George H. Duggan donated his upper McTavish Street house to the University in 1944 and after 1946 it was occupied by the School of Commerce, yet the school was still short of space. Welcome relief came in 1964 when the Departments of Economics and Political Science moved into the newly erected Leacock Building, but the School of Commerce and the Graduate School of Business kept growing. In 1971, Samuel Bronfman, one of McGill's most loyal contributors, came to the rescue. He gave McGill an edifice, named in his honor, to house the newly opened Faculty of Management, formerly the School of Commerce. The site chosen for the Bronfman Building was at the northwest corner of Sherbrooke and McTavish, the location, until that time, of the Prince of Wales Terrace, one of the city's most prestigious set of row houses. Chadwick, Pope, and Edge, were the architects who designed the new six-storey structure, which rests solidly on a reinforced concrete frame. Identical, precast, concrete slabs are attached to the exterior, giving the facades a very regular appearance. To break this repetitive pattern, the ground floor is covered in striated concrete slabs and the second floor has only windows between the imposing columns. Overall, the exterior works well in combination with theMcLennan Library, just across McTavish Street. The interior provided much needed classrooms, meeting rooms, offices, and a library for the Faculty of Management with space left over for the Departments of German, Hispanic, and Italian Studies. The Bronfman Building is expected to continue serving McGill well into the future.

In 1971, Samuel Bronfman, one of McGill's most loyal contributors, came to the rescue. He gave McGill an edifice, named in his honor, to house the newly opened Faculty of Management, formerly the School of Commerce. The site chosen for the Bronfman Building was at the northwest corner of Sherbrooke and McTavish, the location, until that time, of the Prince of Wales Terrace, one of the city's most prestigious set of row houses. Chadwick, Pope, and Edge, were the architects who designed the new six-storey structure, which rests solidly on a reinforced concrete frame. Identical, precast, concrete slabs are attached to the exterior, giving the facades a very regular appearance. To break this repetitive pattern, the ground floor is covered in striated concrete slabs and the second floor has only windows between the imposing columns. Overall, the exterior works well in combination with theMcLennan Library, just across McTavish Street. The interior provided much needed classrooms, meeting rooms, offices, and a library for the Faculty of Management with space left over for the Departments of German, Hispanic, and Italian Studies. The Bronfman Building is expected to continue serving McGill well into the future.",Downtown Campus,"1001 Sherbrooke St W, Montreal, Quebec H3A 1G5",45.50254452,-73.576608,,,Image;StillImage,image/jpg,,,,compound_object,/objects/cb038_01.jpg,/objects/cb038_01.jpg,/objects/cb038_01.jpg,
cb038_01,cb038,Samuel Bronfman Building,,,,,,,,,,,,,,,,,PS005003,,Image;StillImage,image/jpg,,,,image,/objects/cb038_01.jpg,/objects/cb038_01.jpg,/objects/cb038_01.jpg,
cb038_02,cb038,Prince of Wales Terrace demolished,,,,,,,,,,,,,,,,,PR034292,,Image;StillImage,image/jpg,,,,image,/objects/cb015_05.jpg,/objects/small/cb015_05_sm.jpg,/objects/thumbs/cb015_05_th.jpg,
cb038_03,cb038,Bronfman model and area ,,,,,,,,,,,,,,,,,PR038176,,Image;StillImage,image/jpg,,,,image,/objects/cb038_03.jpg,/objects/small/cb038_03_sm.jpg,/objects/thumbs/cb038_03_th.jpg,
cb038_04,cb038,Bronfman model,,,,,,,,,,,,,,,,,PR038176,,Image;StillImage,image/jpg,,,,image,/objects/cb038_04.jpg,/objects/small/cb038_04_sm.jpg,/objects/thumbs/cb038_04_th.jpg,
cb039,,"F. Cyril James Administration Building & Admissions Annex (formerly old Biology Building, formerly old Medical Building)",Ross and Macdonald,,,Rockefeller Foundation,1922,,,Standing,,Northeast Corner,McGill administration,"In 1872, McGill erected a building just east of theArts Building for the Faculty of Medicine. It had a neo-Classical facade and was built of Montreal limestone and so blended very well with the rest of the campus. To accomodate the Faculty of Medicine's growing enrolment and needs, the Medical Building was expanded in 1885, 1894, and 1900, creating, in the end, a long structure of many sections. On April 16, 1907, fire broke out in the Medical Building and all but the 1894 extension was destroyed including many valuable papers and records. Fortunately, Lord Strathcona, always a friend to the University in times of need, immediately offered to erect a new structure on a new site for the homeless faculty. This edifice, named the Strathcona Medical Building, still graces the campus today.

McGill's Department of Biology had outgrown its quarters in the 1920s and so, in 1922, McGill commissioned the firm of Ross and Macdonald to erect a new Biology Building on the site of the Old Medical Building, which had burned. The new Montreal limestone building was more functional than ornamental, but the McGill crest placed over the main entrance was capped by a frog to signify the purpose of the structure. To the west of the Biology Building a small brick structure was constructed to serve as the animal house; a conservatory was erected to the north.

In 1965, the Department of Biology required more modern labs and facilities and still more space. McGill responded to this need by building theStewart Biological Sciences Building on Dr. Penfield Avenue. Shortly after this, Old Biology Building was renovated to become the present James Administration Building, named after F. Cyril James, one of McGill's principals. It now houses the Department of Physical Resources and the offices of the principal, vice-principal, registrar, and cashier. The animal house has been converted into the Department of Admissions, and the conservatory has been dismantled.",Downtown Campus,"845 Sherbrooke St W, Montreal, Quebec H3A 2A7",45.50625082,-73.57756336,,,Image;StillImage,image/jpg,,,,compound_object,/objects/cb039_09.jpg,/objects/small/cb039_09_sm.jpg,/objects/thumbs/cb039_09_th.jpg,
cb039_01,cb039,James Administration Building,,,,,,,,,,,,,,,,,,ICC,Image;StillImage,image/jpg,,,,image,/objects/cb039_01.jpg,/objects/cb039_01.jpg,/objects/cb039_01.jpg,
cb039_02,cb039,Old Medical Building in winter,,,,,,,,,,,,,,,,,PR002654,,Image;StillImage,image/jpg,,,,image,/objects/cb039_02.jpg,/objects/small/cb039_02_sm.jpg,/objects/thumbs/cb039_02_th.jpg,
cb039_03,cb039,Old Medical Building in winter (1895),,,,,,,,,,,,,,,,,PR014528,,Image;StillImage,image/jpg,,,,image,/objects/cb039_03.jpg,/objects/small/cb039_03_sm.jpg,/objects/thumbs/cb039_03_th.jpg,
cb039_04,cb039,Old Biology Building,,,,,,,,,,,,,,,,,PR023236,,Image;StillImage,image/jpg,,,,image,/objects/cb039_04.jpg,/objects/small/cb039_04_sm.jpg,/objects/thumbs/cb039_04_th.jpg,
cb039_05,cb039,Old Biology Building,,,,,,,,,,,,,,,,,PS005217,,Image;StillImage,image/jpg,,,,image,/objects/cb039_05.jpg,/objects/cb039_05.jpg,/objects/cb039_05.jpg,
cb039_06,cb039,Old Medical Building,,,,,,,,,,,,,,,,,PR038092,,Image;StillImage,image/jpg,,,,image,/objects/cb039_06.jpg,/objects/small/cb039_06_sm.jpg,/objects/thumbs/cb039_06_th.jpg,
cb039_07,cb039,Admissions (old animal house),,,,,,,,,,,,,,,,,,ICC,Image;StillImage,image/jpg,,,,image,/objects/cb039_07.jpg,/objects/cb039_07.jpg,/objects/cb039_07.jpg,
cb039_08,cb039,Old Medical Building,,,,,,,,,,,,,,,,,PS034686,,Image;StillImage,image/jpg,,,,image,/objects/cb039_08.jpg,/objects/small/cb039_08_sm.jpg,/objects/thumbs/cb039_08_th.jpg,
cb039_09,cb039,View of James Administration Building from the east,,,,,,,,,,,,,,,,,PR023235,,Image;StillImage,image/jpg,,,,image,/objects/cb039_09.jpg,/objects/small/cb039_09_sm.jpg,/objects/thumbs/cb039_09_th.jpg,
cb039_10,cb039,Old Biology Building (1922),,,,,,,,,,,,,,,,,PR023249,,Image;StillImage,image/jpg,,,,image,/objects/cb039_10.jpg,/objects/small/cb039_10_sm.jpg,/objects/thumbs/cb039_10_th.jpg,
cb039_11,cb039,Under renovation,,,,,,,,,,,,,,,,,PR008098,,Image;StillImage,image/jpg,,,,image,/objects/cb039_11.jpg,/objects/small/cb039_11_sm.jpg,/objects/thumbs/cb039_11_th.jpg,
cb040,,Powell Student Services Building,Unknown,,,,1963,,,Standing,,,No current use,"In approximately 1963, the Marionopolis CEGEP constructed a new home for itself on Peel Street at the corner of Dr. Penfield Avenue. In 1971, McGill bought this edifice, renamed the Powell Student Services Building, in honour of Raymond E. Powell, a chancellor of McGill and president of the Aluminum Company of Canada. This three-storey, steel and concrete framed structure is faced with brick. Due to the number of extensions the building has undergone, the interior is filled with many staircases and winding passages. Several of McGill's student services are located in the Powell Building, including the health clinic and student counseling, financial aid, career and placement, and off-campus housing.",Downtown Campus,"3637 Peel St, Montreal, QC H3A 1X1",45.50386997,-73.57946853,,ICC,Image;StillImage,image/jpg,,,,image,/objects/cb040.jpg,/objects/cb040.jpg,/objects/cb040.jpg,
cb041,,Royal Victoria College - the Early Years,Bruce Price,,,Lord Strathcona,1899,,,Standing,,Rue Sherbrooke,Women's Residence and Faculty of Music,"The Royal Victoria College, McGill's college for women, was named in honour of Queen Victoria, one of the most prominent female figures of her time. Its first, and central, wing was built by the American architect Bruce Price in 1899 at the request of Lord Strathcona, formerly Donald Smith, one of the most charitable of McGill's donors. Lord Strathcona gave the University $50,000 for the new project, and also purchased the Tiffin and Learmont properties on the northeast corner of Sherbrooke and University Streets. This provided funds and an ideal site for the new edifice, but in the process destroyed the old, nineteenth-century mansions previously located there. At the opening of the building, in 1899, a statue of the Queen, executed by Princess Louise, was presented to the College and today still sits enthroned on the steps of Strathcona's building.

The original, central edifice, named the Hurlbatt Wing after the College's first warden, is of the British chateau style. Its five storeys crowned by many gables and dormers still create a fine facade on Sherbrooke Street and are supported by a steel frame covered by a layer of the grey, Montreal limestone, featured by many campus buildings. The first roof of steel and terra cotta was replaced by the present copper sheets in 1932. The building is decorated by many carvings that refer both to wisdom and to its namesake, the Queen. The interior contained eight classrooms, an assembly hall that could seat 700 students, a dining hall, and various reading and drawing rooms. It also provided housing for the warden, tutors, and fifty-two female students who comprised the original College.  Each resident was given a spacious bedroom with access to a lounge shared by three people at most. Every detail of the building was designed with great care, right down to the linens and cutlery, to provide comfort to its inhabitants who were named Donaldas after the first name of Lord Strathcona.

In the 1930s, the College had grown so large that it became necessary to greatly increase the number of rooms. Thus, in 1931, the four-storey Vaughan Wing was erected by Percy Nobbs, Professor of Design at the School of Architecture and a noted architect of many campus buildings,Macdonald Engineeringamong them. Nobbs' extension, located just west of the Hurlbatt Wing, right at the northeast corner of Sherbrooke and University, added living quarters for sixty-two more students, four tutors, and a second warden. The reinforced concrete frame, again covered in Montreal limestone, was designed to allow slightly smaller, more economical rooms, but still possessed a pleasing facade on both Sherbrooke and University Streets. Named after a warden of the College, as were all the wings of the ever-expanding complex, the Vaughan Wing is still part of RVC; its rooms, spacious by today's standards, house a new generation of female students.

Royal Victoria College was extended still further between 1948 and 1949 by the addition of the Reynolds Wing to the east side of the Hurlbatt Wing. Built by the firm of Barott, Marshal, Montgomery, and Merrett, this new steel-framed structure, faced with brick, stretches north up what is now Aylmer Street. The Garfield-Weston pool, running further east along Sherbrooke, was also added at this time. This new section of the complex of RVC provided 163 new rooms to satisfy the ever-growing needs of the women's residence.",Downtown Campus,"3425 Rue University, Montréal, QC H3A 2A8",45.50555924,-73.57383685,,,Image;StillImage,image/jpg,,,,compound_object,/objects/cb002_08.jpg,/objects/small/cb002_08_sm.jpg,/objects/thumbs/cb002_08_th.jpg,
cb041_01,cb041,Royal Victoria College (1925),,,,,,,,,,,,,,,,,PR002669,,Image;StillImage,image/jpg,,,,image,/objects/cb002_08.jpg,/objects/small/cb002_08_sm.jpg,/objects/thumbs/cb002_08_th.jpg,
cb041_02,cb041,Royal Victoria College (1937),,,,,,,,,,,,,,,,,PR000661,,Image;StillImage,image/jpg,,,,image,/objects/cb041_02.jpg,/objects/cb041_02.jpg,/objects/cb041_02.jpg,
cb041_03,cb041,Statue of Queen Victoria,,,,,,,,,,,,,,,,,PR039947,,Image;StillImage,image/jpg,,,,image,/objects/cb041_03.jpg,/objects/cb041_03.jpg,/objects/cb041_03.jpg,
cb041_04,cb041,Bedroom,,,,,,,,,,,,,,,,,PL006771,,Image;StillImage,image/jpg,,,,image,/objects/cb041_04.jpg,/objects/cb041_04.jpg,/objects/cb041_04.jpg,
cb041_05,cb041,Concert hall (1903),,,,,,,,,,,,,,,,,PL006769,,Image;StillImage,image/jpg,,,,image,/objects/cb041_05.jpg,/objects/cb041_05.jpg,/objects/cb041_05.jpg,
cb041_06,cb041,Students in lounge,,,,,,,,,,,,,,,,,PL026772,,Image;StillImage,image/jpg,,,,image,/objects/cb041_06.jpg,/objects/cb041_06.jpg,/objects/cb041_06.jpg,
cb041_07,cb041,Nobbs' extension to RVC,,,,,,,,,,,,,,,,,PS005043,,Image;StillImage,image/jpg,,,,image,/objects/cb041_07.jpg,/objects/cb041_07.jpg,/objects/cb041_07.jpg,
cb041_08,cb041,Garfield Weston Pool (1950),,,,,,,,,,,,,,,,,PS005219,,Image;StillImage,image/jpg,,,,image,/objects/cb041_08.jpg,/objects/cb041_08.jpg,/objects/cb041_08.jpg,
cb041_09,cb041,Vaughn Wing and Strathcona Music,,,,,,,,,,,,,,,,,,ICC,Image;StillImage,image/jpg,,,,image,/objects/cb041_09.jpg,/objects/cb041_09.jpg,/objects/cb041_09.jpg,
cb041_10,cb041,Lounge (1903),,,,,,,,,,,,,,,,,PL006775,,Image;StillImage,image/jpg,,,,image,/objects/cb041_10.jpg,/objects/small/cb041_10_sm.jpg,/objects/thumbs/cb041_10_th.jpg,
cb041_11,cb041,Sitting room (1903),,,,,,,,,,,,,,,,,PL006776,,Image;StillImage,image/jpg,,,,image,/objects/cb041_11.jpg,/objects/small/cb041_11_sm.jpg,/objects/thumbs/cb041_11_th.jpg,
cb041_12,cb041,Library (1903),,,,,,,,,,,,,,,,,PL006770,,Image;StillImage,image/jpg,,,,image,/objects/cb041_12.jpg,/objects/small/cb041_12_sm.jpg,/objects/thumbs/cb041_12_th.jpg,
cb041_13,cb041,Royal Victoria College,,,,,,,,,,,,,,,,,,ICC,Image;StillImage,image/jpg,,,,image,/objects/cb041_13.jpg,/objects/cb041_13.jpg,/objects/cb041_13.jpg,
cb042,,Douglas Hall,Harold Fetherstonhaugh and Alexander Durnford,,,James Douglas II,1936,,,Standing,,Residences & Gymnasium,Residence hall,"Douglas Hall was built in 1936 by Harold Fetherstonhaugh, who designed many other campus projects including theWilliam and Henry Birks Building, and his current partner Alexander Durnford. It was named after James Douglas II who bestowed $200,000 on the University in 1915 with the request that the money be used to provide a men's residence.

Following the bequest, Percy Erskine Nobbs, a Professor of Design of the School of Architecture, had submitted plans in 1918 for a large residence situated just north of thePercival Molson Stadium, but they were not approved by the University.

Douglas Hall today stands unchanged from its original conception. The stone exterior encloses a central courtyard on three sides. The interior shows stone and wood floors and plaster and wood walls. The furnished rooms are organized into suites of three to five bedrooms opening onto a common living room. Each living room has its own custom designed fireplace. The hall is divided into eight houses of which six have three floors and two have four floors; each floor contains two suites with a common bathroom. Douglas also features a large dining hall with an exposed timber ceiling, a common room with a grand piano and several sofas for student recreation, and a quiet study lined with oak bookshelves and lit by globe shaped lights. At its opening, Douglas commanded a view of downtown extending to the St. Laurent and beyond. Today, the stands of the Percival Molson Stadium have been extended and block much of this view, except from the top floors.",Downtown Campus,"3851 Rue University, Montreal, Quebec H3A 2B7",45.50994772,-73.58248172,,,Image;StillImage,image/jpg,,,,compound_object,/objects/cb042_02.jpg,/objects/small/cb042_02_sm.jpg,/objects/thumbs/cb042_02_th.jpg,
cb042_01,cb042,Douglas Hall,,,,,,,,,,,,,,,,,PL007603,,Image;StillImage,image/jpg,,,,image,/objects/cb042_01.jpg,/objects/cb042_01.jpg,/objects/cb042_01.jpg,
cb042_02,cb042,Douglas Hall (1940s),,,,,,,,,,,,,,,,,PR039969,,Image;StillImage,image/jpg,,,,image,/objects/cb042_02.jpg,/objects/small/cb042_02_sm.jpg,/objects/thumbs/cb042_02_th.jpg,
cb042_03,cb042,Sketch from Above,,,,,,,,,,,,,,,,,PR028928,,Image;StillImage,image/jpg,,,,image,/objects/cb042_03.jpg,/objects/small/cb042_03_sm.jpg,/objects/thumbs/cb042_03_th.jpg,
cb042_04,cb042,Living room,,,,,,,,,,,,,,,,,PL007597,,Image;StillImage,image/jpg,,,,image,/objects/cb042_04.jpg,/objects/small/cb042_04_sm.jpg,/objects/thumbs/cb042_04_th.jpg,
cb042_05,cb042,Dining room,,,,,,,,,,,,,,,,,PL007573,,Image;StillImage,image/jpg,,,,image,/objects/cb042_05.jpg,/objects/small/cb042_05_sm.jpg,/objects/thumbs/cb042_05_th.jpg,
cb042_06,cb042,Douglas Hall,,,,,,,,,,,,,,,,,,ICC,Image;StillImage,image/jpg,,,,image,/objects/cb042_06.jpg,/objects/cb042_06.jpg,/objects/cb042_06.jpg,
cb042_07,cb042,Douglas Hall,,,,,,,,,,,,,,,,,,ICC,Image;StillImage,image/jpg,,,,image,/objects/cb042_07.jpg,/objects/cb042_07.jpg,/objects/cb042_07.jpg,
cb042_08,cb042,Douglas Hall,,,,,,,,,,,,,,,,,PL007589,,Image;StillImage,image/jpg,,,,image,/objects/cb042_08.jpg,/objects/small/cb042_08_sm.jpg,/objects/thumbs/cb042_08_th.jpg,
cb042_09,cb042,Ballroom/lounge,,,,,,,,,,,,,,,,,PL007596,,Image;StillImage,image/jpg,,,,image,/objects/cb042_09.jpg,/objects/small/cb042_09_sm.jpg,/objects/thumbs/cb042_09_th.jpg,
cb042_10,cb042,Douglas Hall,,,,,,,,,,,,,,,,,,ICC,Image;StillImage,image/jpg,,,,image,/objects/cb042_10.jpg,/objects/cb042_10.jpg,/objects/cb042_10.jpg,
cb042_11,cb042,Douglas Hall,,,,,,,,,,,,,,,,,,ICC,Image;StillImage,image/jpg,,,,image,/objects/cb042_11.jpg,/objects/cb042_11.jpg,/objects/cb042_11.jpg,
cb043,,Otto Maass Chemistry Building,Fleming and Smith,,,,1964,,,Standing,,Engineering and Science,Department of Chemistry,"Named after a prominent Chairman of the Department of Chemistry who was active in research during World War II, the Otto Maass Chemistry Building was built between 1964 and 1966. It was the last of the campus projects completed by the firm of Fleming and Smith, which was also responsible for thePhysical Sciences Centre(now the Frank Dawson Adams Building) and theMcConnell Engineering Building. This large structure at the northwest corner of Sherbrooke and University replaced some tennis courts and the Workman House, a Square Mile style abode donated to McGill by Lord Strathcona in 1904 and used for years by the Faculty of Music. It is just south of thePulp and Paper Research Institutedesigned by Percy Nobbs in 1927 and connects, underground, toBurnside Hallwhich overshadows it to the west.

In the 1960s, functionality replaced ornament and the structure of the building itself served as the only decor. The Otto Maass Chemistry Building, which has five storeys including the basement, follows this formula. It is divided into four blocks, each of slightly different dimensions, arranged in an L-shape; three are along Sherbrooke Street and one stretches up University Street. The large units are connected by smaller, glass-walled staircase sections. The two sides of the L-shaped wings frame a terrace above ground, under which there are basement classrooms and storage rooms. The first floor of the middle block is the main entrance and also contains the largest lecture theatre which extends into the basement and can seat almost 250 students. On the floors above this level are offices and smaller classrooms. In the other three units, all of the above ground floors are dedicated to various labs and work areas. The building provides a maximum of research and lab space while trying to blend with the older edifices around it such as the Pulp and Paper Institute.

The exterior of Otto Maass is of Queenston limestone which covers the thick, supporting, concrete walls. This was the last McGill project to feature real stone, not just concrete, on the exterior. The fenestration is regular on all sides of each unit, but is broken by the glassed in stairwells. These rows of widely-spaced, small windows provide pattern to the exterior and are the only decor of the building, unlike the picturesquely placed windows of theMacdonald Physics Buildingnearby. The small windows combined with the blank stone exterior and the proportions of each block give the building a sturdy, rather heavy appearance. On the interior, the size of the windows does not provide enough natural light to the building and so fluorescent light is used throughout, making the interior seem controlled and cold. The concrete walls hold concrete beams which reach to the centre of each block and support the concrete floors. The core of each block is actually an open shaft that acts as ventilation for the fume hoods in the labs. Each unit is topped by a steel penthouse that contains mechanical equipment.",Downtown Campus,"801 Sherbrooke St W, Montreal, Quebec H3A 3E8",45.50476374,-73.57420108,,,Image;StillImage,image/jpg,,,,compound_object,/objects/cb043_01.jpg,/objects/small/cb043_01_sm.jpg,/objects/thumbs/cb043_01_th.jpg,
cb043_01,cb043,Otto Maass Chemistry Building - view from Sherbrooke,,,,,,,,,,,,,,,,,PR000637,,Image;StillImage,image/jpg,,,,image,/objects/cb043_01.jpg,/objects/small/cb043_01_sm.jpg,/objects/thumbs/cb043_01_th.jpg,
cb043_02,cb043,Under construction - view from campus,,,,,,,,,,,,,,,,,PR000641,,Image;StillImage,image/jpg,,,,image,/objects/cb043_02.jpg,/objects/small/cb043_02_sm.jpg,/objects/thumbs/cb043_02_th.jpg,
cb043_03,cb043,View from Sherbrooke,,,,,,,,,,,,,,,,,PR000634,,Image;StillImage,image/jpg,,,,image,/objects/cb043_03.jpg,/objects/small/cb043_03_sm.jpg,/objects/thumbs/cb043_03_th.jpg,
cb043_04,cb043,Experimient - Physical chemistryy lab,,,,,,,,,,,,,,,,,PR017192,,Image;StillImage,image/jpg,,,,image,/objects/cb043_04.jpg,/objects/small/cb043_04_sm.jpg,/objects/thumbs/cb043_04_th.jpg,
cb043_05,cb043,Laboratory,,,,,,,,,,,,,,,,,PR000636,,Image;StillImage,image/jpg,,,,image,/objects/cb043_05.jpg,/objects/small/cb043_05_sm.jpg,/objects/thumbs/cb043_05_th.jpg,
cb043_06,cb043,View from campus,,,,,,,,,,,,,,,,,,ICC,Image;StillImage,image/jpg,,,,image,/objects/cb043_06.jpg,/objects/cb043_06.jpg,/objects/cb043_06.jpg,
cb044,,McLennan Library Building," Dobush, Stewart, and Bourke",,,McLennan family,1969,,,Standing,,Arts & Libraries,Main Library,"The McLennan Library was constructed at the northeast corner of Sherbrooke and McTavish between 1967 and 1969 by the firm Dobush, Stewart, and Bourke, the designers of theStewart Biological SciencesandErnest Rutherford Physics Buildings. It stands on the site of what was onceJesse Joseph's mansionnamed Dilcoosha, meaning the Heart's Delight in Hindustani. This exotic abode, which was a COTC headquarters during World War I and after that was the home of the McCord museum for many years, was built in 1864 and demolished in 1955 due to the structural failure of one of its walls.

The massive, seven-storey reinforced concrete structure that is McGill's largest library was named in honour of Isabella McLennan who had given McGill a fortune with which to purchase books, a need that will never be satisfied. McLennan Library, located just south of the modern part ofRedpath Halland connected to it by a bridge hallway, has an outer shell consisting of identical precast concrete panels that are attached to a reinforced concrete frame. The main entrance to McLennan is at the south end of Redpath's concrete terrace; it replaced the stairs that went from the terrace to Sherbrooke. All traffic between floors is controlled by the central stairwell and elevator core. This allows each floor to allocate a maximum amount of space to book stacks and reading areas which, for the most part, are open to the students. The first floor, which is actually one below the main entrance level, houses the McGill Archives and the fascinating collections of the Rare Books and Special Collections. The principal entrance level, actually on the second floor, contains the circulation desk, the reference area, and library administration.

The only decoration of this massive edifice is the repeating pattern created by the concrete exterior. The prefabricated concrete exterior blends well with the newerSamuel Bronfman Buildingacross McTavish. The colour and texture of the durable concrete integrate McLennan with the rest of the campus. The interior has a calm quiet air which, combined with soft lighting, facilitates studying without distraction.",Downtown Campus,"3459 Rue McTavish, Montréal, QC H3A 0C9",45.50310564,-73.57619108,,,Image;StillImage,image/jpg,,,,compound_object,/objects/cb044_01.jpg,/objects/cb044_01.jpg,/objects/cb044_01.jpg,
cb044_01,cb044,McLennan Library Building,,,,,,,,,,,,,,,,,PS005028,,Image;StillImage,image/jpg,,,,image,/objects/cb044_01.jpg,/objects/cb044_01.jpg,/objects/cb044_01.jpg,
cb044_02,cb044,Model of McLennan Library Building,,,,,,,,,,,,,,,,,PR011229,,Image;StillImage,image/jpg,,,,image,/objects/cb044_02.jpg,/objects/small/cb044_02_sm.jpg,/objects/thumbs/cb044_02_th.jpg,
cb044_03,cb044,View from campus,,,,,,,,,,,,,,,,,,ICC,Image;StillImage,image/jpg,,,,image,/objects/cb044_03.jpg,/objects/cb044_03.jpg,/objects/cb044_03.jpg,
cb044_04,cb044,View from Sherbrooke,,,,,,,,,,,,,,,,,,ICC,Image;StillImage,image/jpg,,,,image,/objects/cb044_04.jpg,/objects/cb044_04.jpg,/objects/cb044_04.jpg,
cb045,,"Allan Memorial Institute ""Ravenscrag""",Victor Roy and John Hopkins,,,Allan Family,1863,,,Standing,,Square Mile Mansions,Psychiatric Research Institute,"In 1863, Sir Hugh Allan, the Scottish founder and president of the Allan Lines Shipping Company, commissioned Victor Roy and John Hopkins to construct a house that reflected his wealth and power. This Italianate, villa-style mansion was named Ravenscrag after a Scottish castle and was located at the top of McTavish Street with an imposing view over the entire city. The house, which is divided into many wings, had an asymmetric facade dominated by a large, solid tower which dominates the main entrance. The thirty-four room interior featured a different architectural style in each room. The entrance hall and dining room had Italian themes, the ballroom was French, and the oak-paneled library with ornate furniture was distinctly Victorian. Since the Allans were interested in horses, the fourteen acre estate possessed one of the finest stables on the Square Mile, the entrance of which was marked by a sculpted horse's head.

After Sir Hugh Allan died in 1882, his son and daughter-in-law, Sir Montagu and Marguerite, respectively, inherited Ravenscrag. They enlarged the house, redecorated in a more elegant and lavish style, employed several live-in servants, and filled the stable with prize thoroughbreds at the request of Sir Montagu, the president of the Jockey Club. After Sir Montagu's death, Lady Allan gave Ravenscrag to the Royal Victoria Hospital in 1940. It was renamed the Allan Memorial Institute in 1943. To serve the present needs as a psychiatric hospital and research institute, the interior of the building has been altered and many additions have been made to the exterior.Additional Pictures of the Allan Memorial Institute, ""Ravenscrag""View from the East (1903)--Notman Archive (McCord Museum)Sitting room (1902)--Notman Archive (McCord Museum)Allan Memorial Institute--Instructional Communications CentreAllan Memorial Institute--Instructional Communications CentreAllan Memorial Institute--Instructional Communications Centre

Additional Pictures of the Allan Memorial Institute, ""Ravenscrag""View from the East (1903)--Notman Archive (McCord Museum)Sitting room (1902)--Notman Archive (McCord Museum)Allan Memorial Institute--Instructional Communications CentreAllan Memorial Institute--Instructional Communications CentreAllan Memorial Institute--Instructional Communications Centre",Downtown Campus,"1025 Ave des Pins Ouest, Montreal, Quebec H3A 1A1",45.50597744,-73.58196338,,,Image;StillImage,image/jpg,,,,compound_object,/objects/cb045_01.jpg,/objects/small/cb045_01_sm.jpg,/objects/thumbs/cb045_01_th.jpg,
cb045_01,cb045,Allan Memorial Institute ,,,,,,,,,,,,,,,,,PR039998,,Image;StillImage,image/jpg,,,,image,/objects/cb045_01.jpg,/objects/small/cb045_01_sm.jpg,/objects/thumbs/cb045_01_th.jpg,
cb045_02,cb045,"""Ravenscrag"" (1902)",,,,,,,,,,,,,,,,,,Notman Archives (McCord Museum),Image;StillImage,image/jpg,,,,image,/objects/cb045_02.jpg,/objects/cb045_02.jpg,/objects/cb045_02.jpg,
cb045_03,cb045,Stable and Coachhouse (1903),,,,,,,,,,,,,,,,,,Notman Archives (McCord Museum),Image;StillImage,image/jpg,,,,image,/objects/cb045_03.jpg,/objects/cb045_03.jpg,/objects/cb045_03.jpg,
cb045_04,cb045,Lady Allan's drawing room (1911),,,,,,,,,,,,,,,,,,Notman Archives (McCord Museum),Image;StillImage,image/jpg,,,,image,/objects/cb045_04.jpg,/objects/cb045_04.jpg,/objects/cb045_04.jpg,
cb045_05,cb045,Lounge & hall (1902),,,,,,,,,,,,,,,,,,Notman Archives (McCord Museum),Image;StillImage,image/jpg,,,,image,/objects/cb045_05.jpg,/objects/cb045_05.jpg,/objects/cb045_05.jpg,
cb045_06,cb045,Allan Memorial Institute,,,,,,,,,,,,,,,,,PS005218,,Image;StillImage,image/jpg,,,,image,/objects/cb045_06.jpg,/objects/cb045_06.jpg,/objects/cb045_06.jpg,
cb045_07,cb045,Allan Memorial Institute,,,,,,,,,,,,,,,,,,ICC,Image;StillImage,image/jpg,,,,image,/objects/cb045_07.jpg,/objects/cb045_07.jpg,/objects/cb045_07.jpg,
cb045_08,cb045,View from the east (1903),,,,,,,,,,,,,,,,,,Notman Archives (McCord Museum),Image;StillImage,image/jpg,,,,image,/objects/cb045_08.jpg,/objects/cb045_08.jpg,/objects/cb045_08.jpg,
cb045_09,cb045,Sitting room (1902),,,,,,,,,,,,,,,,,,Notman Archives (McCord Museum),Image;StillImage,image/jpg,,,,image,/objects/cb045_09.jpg,/objects/cb045_09.jpg,/objects/cb045_09.jpg,
cb045_10,cb045,Allan Memorial Institute,,,,,,,,,,,,,,,,,,ICC,Image;StillImage,image/jpg,,,,image,/objects/cb045_10.jpg,/objects/cb045_10.jpg,/objects/cb045_10.jpg,
cb045_11,cb045,Allan Memorial Institute,,,,,,,,,,,,,,,,,,ICC,Image;StillImage,image/jpg,,,,image,/objects/cb045_11.jpg,/objects/cb045_11.jpg,/objects/cb045_11.jpg,
cb045_12,cb045,Allan Memorial Institute,,,,,,,,,,,,,,,,,,ICC,Image;StillImage,image/jpg,,,,image,/objects/cb045_12.jpg,/objects/cb045_12.jpg,/objects/cb045_12.jpg,
cb046,,Frank Dawson Adams Building (formerly Physical Sciences Centre),Fleming and Smith,,,,1951,,,Standing,,Engineering & Science,"Mining, Metallurgical, and Chemical Engineering and Geology","The Frank Dawson Adams Building, named after a professor of Geology who also served as Vice Principal from 1920 to 1924 and became the first chairman of Graduate Studies, was originally named the Physical Sciences Centre. It was finished in October, 1951 by the firm of Fleming and Smith who were later commissioned by McGill to build both theMcConnell Engineeringand theOtto Maass Chemistry Buildings. The space was originally intended for Mining, Metallurgical, and Chemical Engineering and Geology, allowing Physics and Chemistry to remain in theMacdonald PhysicsandMacdonald ChemistryBuildings, respectively. This structure, connected to the campus by a small bridge, provides a link between Macdonald Physics and Macdonald Chemistry (now the Macdonald-Stewart Library Building and the Macdonald-Harrington Building, respectively) and then stretches north along University Street. All four floors (the fourth was added in 1963) were erected around a steel frame and the materials chosen are durable and of good quality. F. D. Adams has large windows which allow much natural light at the west and east ends and provide a view of the opposite side of campus. There is a large lecture theatre on the second and third floors which can accomodate 350 science students, allowing the lectures to be given in just one section. The Department of Geology, having been moved from the fifth floor of Macdonald Chemistry, is located on the second through fourth floors with several Engineering faculties sharing the main and basement areas. As with many designs of this period, the F. D. Adams Building is very functional; its only ornament is the structure itself.",Downtown Campus,"3450 Rue University, Montréal, QC H3A 2A7",45.50528191,-73.57551656,,,Image;StillImage,image/jpg,,,,compound_object,/objects/cb046_01.jpg,/objects/cb046_01.jpg,/objects/thumbs/cb046_01_th.jpg,
cb046_01,cb046,Frank Dawson Adams from University,,,,,,,,,,,,,,,,,PS005217,,Image;StillImage,image/jpg,,,,image,/objects/cb046_01.jpg,/objects/cb046_01.jpg,/objects/thumbs/cb046_01_th.jpg,
cb046_02,cb046,Frank Dawson Adams from University,,,,,,,,,,,,,,,,,PS034660,,Image;StillImage,image/jpg,,,,image,/objects/cb046_02.jpg,/objects/cb046_02.jpg,/objects/thumbs/cb046_02_th.jpg,
cb046_03,cb046,FDA and Pulp & Paper Institute from University,,,,,,,,,,,,,,,,,PS005000,,Image;StillImage,image/jpg,,,,image,/objects/cb046_03.jpg,/objects/cb046_03.jpg,/objects/cb046_03.jpg,
cb046_04,cb046,Frank Dawson Adams,,,,,,,,,,,,,,,,,,ICC,Image;StillImage,image/jpg,,,,image,/objects/cb046_04.jpg,/objects/cb046_04.jpg,/objects/cb046_04.jpg,
cb047,,Beatty Hall,Unknown,,,,1912,,,Standing,,Square Mile Mansions,Department of Communication Sciences and Disorders,"In 1912, Albert E. Holt, a member of the Royal Trust Company, built a house on the Square Mile on Pine Avenue. Holt sold his Classic Edwardian mansion to Sir Edward Beatty, president of the Canadian Pacific Railroad and an exercise enthusiast, in 1924. In 1946, McGill bought the house, renamed it Beatty Hall, and gave it to the Graduate School of Nursing, which did not change any interior details. Today, Beatty Hall is still an elegant edifice and is occupied by the Department of Communication Sciences and Disorders.",Downtown Campus,"1266 Ave des Pins Ouest, Montreal, Quebec H3G 1A8",45.50201445,-73.58389987,PU039113,,Image;StillImage,image/jpg,,,,multiple,/objects/cb047_01.jpg,/objects/small/cb047_01_sm.jpg,/objects/thumbs/cb047_01_th.jpg,
cb047_01,cb047,Beatty Hall,,,,,,,,,,,,,,,,,,,Image;StillImage,image/jpg,,,,image,/objects/cb047_01.jpg,/objects/small/cb047_01_sm.jpg,/objects/thumbs/cb047_01_th.jpg,
cb047_02,cb047,Staircase,,,,,,,,,,,,,,,,,,,Image;StillImage,image/jpg,,,,image,/objects/cb047_02.jpg,/objects/cb047_02.jpg,/objects/cb047_02.jpg,
cb047_03,cb047,Library,,,,,,,,,,,,,,,,,,,Image;StillImage,image/jpg,,,,image,/objects/cb047_03.jpg,/objects/cb047_03.jpg,/objects/cb047_03.jpg,
cb047_04,cb047,Lounge,,,,,,,,,,,,,,,,,,,Image;StillImage,image/jpg,,,,image,/objects/cb047_04.jpg,/objects/small/cb047_04_sm.jpg,/objects/thumbs/cb047_04_th.jpg,
cb048,,"Lady Meredith House ""Ardvarna""",Edward and William Maxwell,,,Royal Victoria Hospital,1897,,,Standing,,Square Mile Mansions,"McGill Centre for Medicine, Ethics, and Law","Ardvarna was built in 1897 for Andrew Allan, a partner in the Allan Line Steamship Company, by the famous Montreal architects Edward and William Maxwell. In 1906, Sir Henry Vincent Meredith, president of the Bank of Montreal, married Isabella Brenda Allan, the daughter of Andrew Allan and the niece of Hugh Allan, who lived atRavenscrag. At this time, Ardvarna, a turreted, brick mansion, bordering on Richarsonian Romanesque, was given to the newly-weds by Andrew Allan. Sir Vincent died in 1929, but Lady Meredith continued to occupy the house, at the corner of Peel Street and Pine Avenue, until 1941 at which point she gave it to the Royal Victoria Hospital to use as a nurses' residence. McGill acquired the use of Ardvarna in 1975, but shared it with the Hospital for many years. In 1990, McGill's Centre for Medicine, Ethics, and Law and the McGill Pulmonary Research Lab were both housed in Ardvarna, now called the Lady Meredith House. On January 7, 1990, the edifice was broken into and the old mansion, one of the few left with its interior details intact, was set on fire. Fortunately, the fire department and McGill responded quickly and there was minimal structural damage. McGill decided to renovate Ardvarna to its original elegance and hired Julia Gersovitz, a McGill graduate and professor, and her firm, Gersovitz, Becker, and Moss for the project.",Downtown Campus,"1110 Ave des Pins Ouest, Montreal, Quebec H3G 1A1",45.50427834,-73.58185649,,,Image;StillImage,image/jpg,,,,compound_object,/objects/cb048_02.jpg,/objects/cb048_02.jpg,/objects/cb048_02.jpg,
cb048_01,cb048,Lady Meredith House (1906),,,,,,,,,,,,,,,,,,Notman Archives (McCord Museum),Image;StillImage,image/jpg,,,,image,/objects/cb048_01.jpg,/objects/cb048_01.jpg,/objects/cb048_01.jpg,
cb048_02,cb048,Lady Meredith House,,,,,,,,,,,,,,,,,,ICC,Image;StillImage,image/jpg,,,,image,/objects/cb048_02.jpg,/objects/cb048_02.jpg,/objects/cb048_02.jpg,
cb048_03,cb048,Lady Meredith House,,,,,,,,,,,,,,,,,,ICC,Image;StillImage,image/jpg,,,,image,/objects/cb048_03.jpg,/objects/cb048_03.jpg,/objects/cb048_03.jpg,
cb048_04,cb048,Lady Meredith House,,,,,,,,,,,,,,,,,,ICC,Image;StillImage,image/jpg,,,,image,/objects/cb048_04.jpg,/objects/cb048_04.jpg,/objects/cb048_04.jpg,
cb049,,Macdonald-Harrington Building (formerly Macdonald Chemistry Building),Sir Andrew Taylor,,,Sir William Macdonald,1896,,,Standing,,Engineering & Science,Schools of Architecture and Urban Planning,"The Macdonald Chemistry Building, recently renamed the Macdonald-Harrington Building after its first Chemistry professor, Bernard Harrington, was built between 1896 and 1897 and was one of the many donations made to the University by Sir William Macdonald. Sir Andrew Taylor, the architect of many buildings on campus, was commissioned for this project along with his current partners, Morley Hogle and Huntley Davis. Built just after theRedpath Library, the firstMacdonald Engineering Building, and theMacdonald Physics Building, the Macdonald Chemistry Building is a typical example of Taylor's work. It has a symmetrical, Classical Italian, facade, the exterior being of Montreal limestone to match the rest of the campus. The ground floor is rusticated, but above this point, cut stone is used. Like Taylor's other structures, Macdonald Chemistry is very functional, yet is not without ornament. It is constructed of steel, brick, and wood on the interior. The steel beams are exposed, as they were in Taylor's Redpath Library stacks, yet share the load with thick, brick walls and partitions. Brick is used for walls and all major doorways are arched as in Macdonald Physics.

Most of the ornament of the building is concentrated around the facade, for instance the lions, each holding a shield, perched on each pillar in front of the central stairs. Other developed details occur around the windows and in the doorways. Originally, Macdonald Chemistry possessed a library which featured many trimmings and details.

In its early days, the two basement levels housed the Metallurgy and Mining Labs, while the rest of the building was given to the labs, lecture rooms, and offices of Chemistry. The third floor housed labs for organic and industrial chemistry, a balance room, and a combustion room. The fourth floor held mineralogy labs, the Geological Services Library, and a geology lecture room. These fields were, at this time, considered part of Chemistry.

In 1957, a two-storey extension was constructed on the north side of the building to provide more lab space for the expanding department. In 1987, the entire structure underwent major renovations, carried out by the firm ARCOP. This was done to prepare the edifice for its new inhabitants, the Schools of Architecture and Urban Planning. It was during this renovation that the Renaissance domestic stained glass panels, discovered in theHosmer House, were installed in the glass walls of the reception offices. Today, part of the Mining and Metallurgy Faculty is still in the basement, but the rest of the building houses the Schools of Architecture and Urban Planning.",Downtown Campus,"815 Sherbrooke St W, Montreal, Quebec H3A 2A7",45.50519268,-73.5759284,,,Image;StillImage,image/jpg,,,,compound_object,/objects/cb049_01.jpg,/objects/small/cb049_01_sm.jpg,/objects/thumbs/cb049_01_th.jpg,
cb049_01,cb049,Macdonald-Harrington Building - Exterior view,,,,,,,,,,,,,,,,,PR026497,,Image;StillImage,image/jpg,,,,image,/objects/cb049_01.jpg,/objects/small/cb049_01_sm.jpg,/objects/thumbs/cb049_01_th.jpg,
cb049_02,cb049,Macdonald Chemistry and Physics,,,,,,,,,,,,,,,,,PR002671,,Image;StillImage,image/jpg,,,,image,/objects/cb049_02.jpg,/objects/small/cb049_02_sm.jpg,/objects/thumbs/cb049_02_th.jpg,
cb049_03,cb049,Laboratory,,,,,,,,,,,,,,,,,PR015241,,Image;StillImage,image/jpg,,,,image,/objects/cb049_03.jpg,/objects/small/cb049_03_sm.jpg,/objects/thumbs/cb049_03_th.jpg,
cb049_04,cb049,Lecture hall,,,,,,,,,,,,,,,,,PR015243,,Image;StillImage,image/jpg,,,,image,/objects/cb049_04.jpg,/objects/small/cb049_04_sm.jpg,/objects/thumbs/cb049_04_th.jpg,
cb049_05,cb049,Museum of Mettallurgy,,,,,,,,,,,,,,,,,PR026495,,Image;StillImage,image/jpg,,,,image,/objects/cb049_05.jpg,/objects/small/cb049_05_sm.jpg,/objects/thumbs/cb049_05_th.jpg,
cb049_06,cb049,Macdonald-Harrington,,,,,,,,,,,,,,,,,PR039973,,Image;StillImage,image/jpg,,,,image,/objects/cb049_06.jpg,/objects/small/cb049_06_sm.jpg,/objects/thumbs/cb049_06_th.jpg,
cb049_07,cb049,Macdonald-Harrington with extension,,,,,,,,,,,,,,,,,PS005022,,Image;StillImage,image/jpg,,,,image,/objects/cb049_07.jpg,/objects/cb049_07.jpg,/objects/cb049_07.jpg,
cb049_08,cb049,Macdonald-Harrington Building,,,,,,,,,,,,,,,,,,ICC,Image;StillImage,image/jpg,,,,image,/objects/cb049_08.jpg,/objects/cb049_08.jpg,/objects/cb049_08.jpg,
cb050,,James T. Davis House,Edward and William Maxwell,,,,1909,,,Standing,,Square Mile Mansions,School of Physical and Occupational Therapy,"In 1909, James T. Davis, a Square Mile entrepreneur, commissioned the renowned Canadian architects Edward and William Maxwell to design a mansion suitable for a man of his stature. The result was an Elizabethan Tudor style edifice of red brick on Drummond Street. This building, which features Dutch dormer windows, high gables, and steep roofs, shows the flexibility of the Beaux-arts trained architects. At the request of their patron, the Maxwells used a concealed steel and concrete frame to support the structure and supplied electric lighting to the house. The mansion has many interesting features, such as the dining room, which is a replica of a room in the Vatican, the Italian Renaissance style library, a seventeenth-century English dining room, and the chapel on the second floor.",Downtown Campus,"3654 Promenade Sir-William-Osler, Montreal, Quebec H3G 1A9",45.5022862,-73.58282457,,,Image;StillImage,image/jpg,,,,compound_object,/objects/cb050_05.jpg,/objects/cb050_05.jpg,/objects/cb050_05.jpg,
cb050_01,cb050,James T. Davis House,,,,,,,,,,,,,,,,,,Notman Archives (McCord Museum),Image;StillImage,image/jpg,,,,image,/objects/cb050_01.jpg,/objects/cb050_01.jpg,/objects/cb050_01.jpg,
cb050_02,cb050,Dining room,,,,,,,,,,,,,,,,,,Notman Archives (McCord Museum),Image;StillImage,image/jpg,,,,image,/objects/cb050_02.jpg,/objects/cb050_02.jpg,/objects/cb050_02.jpg,
cb050_03,cb050,Library,,,,,,,,,,,,,,,,,,Notman Archives (McCord Museum),Image;StillImage,image/jpg,,,,image,/objects/cb050_03.jpg,/objects/cb050_03.jpg,/objects/cb050_03.jpg,
cb050_04,cb050,Chapel,,,,,,,,,,,,,,,,,,Notman Archives (McCord Museum),Image;StillImage,image/jpg,,,,image,/objects/cb050_04.jpg,/objects/cb050_04.jpg,/objects/cb050_04.jpg,
cb050_05,cb050,James T. Davis House,,,,,,,,,,,,,,,,,,,Image;StillImage,image/jpg,,,,image,/objects/cb050_05.jpg,/objects/cb050_05.jpg,/objects/cb050_05.jpg,
cb050_06,cb050,Bedroom,,,,,,,,,,,,,,,,,,Notman Archives (McCord Museum),,image/jpg,,,,image,/objects/cb050_06.jpg,/objects/cb050_06.jpg,/objects/cb050_06.jpg,
cb051,,Purvis Hall (formerly Sir Mortimer B. Davis House),Robert Findlay and John McGregor,,,John W. McConnell,1907,,,Standing,,Square Mile Mansions,Departments of Epidemiology and Biostatistics,"Purvis Hall was built in 1907 for Sir Mortimer B. Davis, founder of the Imperial Tobacco Company. He commissioned John McGregor and Robert Findlay, the designer of the Sun Life Building, for the project. This Classical, French Beaux Arts style mansion, constructed of Indiana limestone, has a symmetrical facade decorated with carved stone and intricate iron work beneath which it conceals an innovative steel frame and reinforced concrete floors. Each floor was planned around a central hall and was as decorative as the exterior, but with more of a sense of warmth. It featured such details as carved stair rails and chandeliers, custom made furniture, and a beautiful botanical conservatory enclosed in glass, a popular feature of Square Mile houses.

In 1935, the industrialist Arthur B. Purvis bought the house and remodeled it. He had several ornate ceilings and a Renaissance-style fireplace removed. After Purvis died in an air crash in 1941, the house was bestowed upon McGill in his memory by John W. McConnell, a major benefactor of the University. Findlay was again hired, this time to renovate the house, now called Purvis Hall, for academic use while preserving as much of its original detail and charm as possible. The upper floors were converted into office and classroom spaces, the ground floor became a reading room, and the basement was transformed into stacks. The School of Commerce (now the Faculty of Management) occupied Purvis Hall until 1973, at which point it was given to the McGill University Press and the Arctic Institute. Today it is designated for use by the Department of Epidemiology and Biostatistics and still retains much of its original decor.",Downtown Campus,"1020 Ave des Pins Ouest, Montreal, QC H3A 1A2",45.50463264,-73.58144869,,,Image;StillImage,image/jpg,,,,compound_object,/objects/cb051_04.jpg,/objects/cb051_04.jpg,/objects/cb051_04.jpg,
cb051_01,cb051,Davis House (1900),,,,,,,,,,,,,,,,,,Notman Archives (McCord Museum),Image;StillImage,image/jpg,,,,image,/objects/cb051_01.jpg,/objects/cb051_01.jpg,/objects/cb051_01.jpg,
cb051_02,cb051,Hall & fireplace,,,,,,,,,,,,,,,,,,Notman Archives (McCord Museum),Image;StillImage,image/jpg,,,,image,/objects/cb051_02.jpg,/objects/cb051_02.jpg,/objects/cb051_02.jpg,
cb051_03,cb051,Drawing room,,,,,,,,,,,,,,,,,,Notman Archives (McCord Museum),Image;StillImage,image/jpg,,,,image,/objects/cb051_03.jpg,/objects/cb051_03.jpg,/objects/cb051_03.jpg,
cb051_04,cb051,Purvis Hall,,,,,,,,,,,,,,,,,,ICC,Image;StillImage,image/jpg,,,,image,/objects/cb051_04.jpg,/objects/cb051_04.jpg,/objects/cb051_04.jpg,
cb051_05,cb051,Purvis Hall,,,,,,,,,,,,,,,,,,ICC,Image;StillImage,image/jpg,,,,image,/objects/cb051_05.jpg,/objects/cb051_05.jpg,/objects/cb051_05.jpg,
cb051_06,cb051,Purvis Hall,,,,,,,,,,,,,,,,,,ICC,Image;StillImage,image/jpg,,,,image,/objects/cb051_06.jpg,/objects/cb051_06.jpg,/objects/cb051_06.jpg,
cb051_07,cb051,Hall and staircase,,,,,,,,,,,,,,,,,,Notman Archives (McCord Museum),Image;StillImage,image/jpg,,,,image,/objects/cb051_07.jpg,/objects/cb051_07.jpg,/objects/cb051_07.jpg,
cb052,,David Thomson House,J.J. Perrault,,,,1935,,,Standing,,Upper MctTavish,Post Graduate Students' Society,"In 1935, the Gravel family commissioned J.J. Perrault to design a house for them on McTavish Street. It had a concrete frame and floors with a Montreal limestone exterior. The house has a cube structure with a simple, yet elegant facade. The interior is divided into many small rooms which are graced with carved details in wood, moulded plaster ceilings, and ornate fireplaces. This edifice was purchased by McGill in 1968 to serve as the Post-Graduate Students' Society. At this time the house was renamed the Thomson House after David L. Thomson, a dean of the Faculty of Graduate Studies and a founder of the Post-Graduate Students' Society which still occupies the house today.",Downtown Campus,"3650 Rue McTavish, Montréal, QC H3A 1X1",45.50431331,-73.57963091,,,Image;StillImage,image/jpg,,,,compound_object,/objects/cb052_01.jpg,/objects/cb052_01.jpg,/objects/cb052_01.jpg,
cb052_01,cb052,David Thomson House,,,,,,,,,,,,,,,,,PS005052,,Image;StillImage,image/jpg,,,,image,/objects/cb052_01.jpg,/objects/cb052_01.jpg,/objects/cb052_01.jpg,
cb052_02,cb052,David Thomson House,,,,,,,,,,,,,,,,,PS005052,,Image;StillImage,image/jpg,,,,image,/objects/cb052_02.jpg,/objects/cb052_02.jpg,/objects/cb052_02.jpg,
cb052_03,cb052,David Thomson House,,,,,,,,,,,,,,,,,,ICC,Image;StillImage,image/jpg,,,,image,/objects/cb052_03.jpg,/objects/cb052_03.jpg,/objects/cb052_03.jpg,
cb052_04,cb052,David Thomson House,,,,,,,,,,,,,,,,,,ICC,Image;StillImage,image/jpg,,,,image,/objects/cb052_04.jpg,/objects/cb052_04.jpg,/objects/cb052_04.jpg,
cb053,,Faculty Club (formerly Baumgarten House),Alfred Baumgarten,,,,1886,,,Standing,,Lower McTavish,McGill faculty club,"In 1886, Alfred Baumgarten, a wealthy, German sugar tycoon who loved horses and the hunt, yet also donated generously to Montreal's museum and hospitals, designed a house for his family on McTavish Street. Three out of eight houses ofRupert's Terracewere demolished to create a site for the Baumgarten house. This mansion, in the Square Mile area of the city, although it possessed a rather plain exterior, was replete with detail and decoration in its sumptuous interior. One of the outstanding features of this abode was the ballroom, built for Baumgarten's daughters who had just come of age. The ceiling, from which hung several chandeliers, was supported by marble columns, the floor was built on springs to give a boost to the dancers' feet, and a minstrel's gallery at one end was suspended from the ceiling with brass cords. The Gothic Gallery, which spanned two storeys of the house, was made to resemble a German hunting lodge and was covered by an immense, amber-coloured, stained glass skylight.

After Alfred Baumgarten's death in 1919, the house was occupied by his family. McGill bought it in 1926 as a residence for Sir Arthur Currie, who had just been made principal of McGill. In 1935, the house was renovated to become the McGill Faculty Club. At this time, the Gothic Gallery was split into two separate floors, the lower of which is now the main dining room, and the upper of which serves as the billiard room, still covered by the amber stained glass panels. Other than this, the structure of the building and the details of the interior have been preserved and the aura of another century still pervades the rooms.",Downtown Campus,"3450 Rue McTavish, Montréal, QC H3A 1X9",45.50324655,-73.57727265,,,Image;StillImage,image/jpg,,,,compound_object,/objects/cb053_01.jpg,/objects/cb053_01.jpg,/objects/cb053_01.jpg,
cb053_01,cb053,Exterior (1904),,,,,,,,,,,,,,,,,,Notman Archives (McCord Museum),Image;StillImage,image/jpg,,,,image,/objects/cb053_01.jpg,/objects/cb053_01.jpg,/objects/cb053_01.jpg,
cb053_02,cb053,Gothic gallery,,,,,,,,,,,,,,,,,,Notman Archives (McCord Museum),Image;StillImage,image/jpg,,,,image,/objects/cb053_02.jpg,/objects/cb053_02.jpg,/objects/cb053_02.jpg,
cb053_03,cb053,Ballroom (1904),,,,,,,,,,,,,,,,,,Notman Archives (McCord Museum),Image;StillImage,image/jpg,,,,image,/objects/cb053_03.jpg,/objects/cb053_03.jpg,/objects/cb053_03.jpg,
cb053_04,cb053,Bedroom,,,,,,,,,,,,,,,,,,Notman Archives (McCord Museum),Image;StillImage,image/jpg,,,,image,/objects/cb053_04.jpg,/objects/cb053_04.jpg,/objects/cb053_04.jpg,
cb053_05,cb053,Drawing room,,,,,,,,,,,,,,,,,,Notman Archives (McCord Museum),Image;StillImage,image/jpg,,,,image,/objects/cb053_05.jpg,/objects/cb053_05.jpg,/objects/cb053_05.jpg,
cb053_06,cb053,View from McTavish,,,,,,,,,,,,,,,,,,ICC,Image;StillImage,image/jpg,,,,image,/objects/cb053_06.jpg,/objects/cb053_06.jpg,/objects/cb053_06.jpg,
cb053_07,cb053,Fireplace in Gothic gallery,,,,,,,,,,,,,,,,,,Notman Archives (McCord Museum),Image;StillImage,image/jpg,,,,image,/objects/cb053_07.jpg,/objects/cb053_07.jpg,/objects/cb053_07.jpg,
cb053_08,cb053,View up McTavish,,,,,,,,,,,,,,,,,,ICC,Image;StillImage,image/jpg,,,,image,/objects/cb053_08.jpg,/objects/cb053_08.jpg,/objects/cb053_08.jpg,
cb054_01,,Pathological Institute & Lyman Duff Building,Percy Erskine Nobbs,"Ross, Fish, and Duschenes",,J.D. Rockefeller,1923,,,,,Residences & Gymnasium,"Departments of Pathology, Epidemiology, and Microbiology","The Pathology Institute came into being in 1923 when the Royal Victoria Hospital petitioned the J.D. Rockefeller Foundation for building funds. The building, on the corner of Pine Avenue and University Street, was designed by Percy Erskine Nobbs, a Professor of Design at the School of Architecture, and his partner George Taylor Hyde. This Montreal limestone structure continues the Hospital's Scottish Medieval themes, but in a less severe and more functional manner. Nobbs, who carefully considered the site of the building, designed the section on Pine Avenue so that it would not overwhelm the houses just east of it, yet would be easily recognisable as part of the Pathology Institute. On the other hand, the wing on University Street, right across from the imposing Royal Victoria Hospital, is on a grander scale to show the connection with that institution; it contains the main labs and the autopsy lecture theatre. Many windows, including skylights, were included in the layout to provide plenty of light in the labs.

By the 1960s, the Pathological Institute had outgrown its original home. At this time, the firm of Ross, Fish, and Duschenes was commissioned to construct a much larger wing to the northeast of the older structure. This towering, new, concrete section, named the Lyman Duff Building, provides modern labs and facilities, but does not continue Nobbs' themes.",Downtown Campus,"3775 Rue University, Montréal, QC H3A 2B4",45.5086611,-73.58075404,,,Image;StillImage,image/jpg,,,,compound_object,/objects/cb054_01_01.jpg,/objects/small/cb054_01_01_sm.jpg,/objects/thumbs/cb054_01_01_th.jpg,
cb054_01_01,cb054_01,Postcard: Pathological Institute,,,,,,,,,,,,,,,,,PU010191,,Image;StillImage,image/jpg,,,,image,/objects/cb054_01_01.jpg,/objects/small/cb054_01_01_sm.jpg,/objects/thumbs/cb054_01_01_th.jpg,
cb054_01_02,cb054_01,Pathology laboratory for museum,,,,,,,,,,,,,,,,,PR026489,,Image;StillImage,image/jpg,,,,image,/objects/cb054_01_02.jpg,/objects/cb054_01_02.jpg,/objects/cb054_01_02.jpg,
cb054_01_03,cb054_01,Pathological Institute,,,,,,,,,,,,,,,,,,ICC,Image;StillImage,image/jpg,,,,image,/objects/cb054_01_03.jpg,/objects/cb054_01_03.jpg,/objects/cb054_01_03.jpg,
cb054_02,,Montreal Neurological Institute,Ross and Macdonald,"Fetherstonhaugh, Durnford, and Bolton",,,1932,,,,,Residences & Gymnasium,"Departments of Pathology, Epidemiology, and Microbiology","In 1932, the Montreal Neurological Institute was constructed just north of the Pathological Institute by the firm of Ross and Macdonald, who also designed the Old Biology Building. This structure, considered a part of the Royal Victoria Hospital complex, continues the ideas of the Hospital's architecture and is on the same scale. It was expanded in 1945 by the firm of Fetherstonhaugh, Durnford, and Bolton, who were responsible for several other projects on the McGill campus such as Douglas Hall.",Downtown Campus,"3801 Rue University, Ville-Marie, QC H3A 2B4",45.50910639,-73.58149926,,,Image;StillImage,image/jpg,,,,compound_object,/objects/cb054_02_01.jpg,/objects/small/cb054_02_01_sm.jpg,/objects/thumbs/cb054_02_01_th.jpg,
cb054_02_01,cb054_02,Montreal Neurological Institute,,,,,,,,,,,,,,,,,PR039958,,Image;StillImage,image/jpg,,,,image,/objects/cb054_02_01.jpg,/objects/small/cb054_02_01_sm.jpg,/objects/thumbs/cb054_02_01_th.jpg,
cb054_02_02,cb054_02,Montreal Neurological Institute construction,,,,,,,,,,,,,,,,,PR026795,,Image;StillImage,image/jpg,,,,image,/objects/cb054_02_02.jpg,/objects/small/cb054_02_02_sm.jpg,/objects/thumbs/cb054_02_02_th.jpg,
cb055,,Pulp and Paper Research Institute,Percy Nobbs,,,Federal Government,1927,,,Standing,,Engineering & Science,Chemical Engineering,"The Pulp and Paper Research Institute was built in 1927 by Percy Nobbs, Professor of Design at the School of Architecture at the time and architect of many other campus projects. This sturdy, three-storey stone structure, located on University Street just north of theOtto Maass Chemistry Building, nicely reflects Nobbs' 1931 extension to RVC just across the street. It demonstrates the wide range of ability of one architect.

Originally, the Institute was the home of the Cellulose Chemistry Department of McGill, the Pulp and Paper Division of the government's Forest Products Laboratories, and the research labs of the Pulp and Paper Association, all involved in the advancement of study of wood fibres. Large pulp mills and other mechanical equipment were installed in the building. The funding of the Institute was plentiful as it was backed by industry and the government. Many fine discoveries were made there, for instance, a means for mass producing artificial vanillin flavouring, found in many food products today. The Institute was also very active in making various strengths and types of paper during World War II. McGill has allowed many graduate researchers in Chemistry to earn their degrees here and so the University has benefited from the Institute as well.

Today the Pulp and Paper Research Institute continues its work and still shares its space with the Faculties of Chemistry and Chemical Engineering.",Downtown Campus,"3420 Rue University, Montréal, QC H3A 0C7",45.50535397,-73.57455779,,,Image;StillImage,image/jpg,,,,compound_object,/objects/cb055_05.jpg,/objects/cb055_05.jpg,/objects/cb055_05.jpg,
cb055_01,cb055,Nobbs' sketch,,,,,,,,,,,,,,,,,PR026551,,Image;StillImage,image/jpg,,,,image,/objects/cb055_01.jpg,/objects/small/cb055_01_sm.jpg,/objects/thumbs/cb055_01_th.jpg,
cb055_02,cb055,Institute in winter,,,,,,,,,,,,,,,,,PR026552,,Image;StillImage,image/jpg,,,,image,/objects/cb055_02.jpg,/objects/small/cb055_02_sm.jpg,/objects/thumbs/cb055_02_th.jpg,
cb055_03,cb055,Door to Institute,,,,,,,,,,,,,,,,,PR026547,,Image;StillImage,image/jpg,,,,image,/objects/cb055_03.jpg,/objects/small/cb055_03_sm.jpg,/objects/thumbs/cb055_03_th.jpg,
cb055_04,cb055,Institute interior - mills,,,,,,,,,,,,,,,,,PR026553,,Image;StillImage,image/jpg,,,,image,/objects/cb055_04.jpg,/objects/small/cb055_04_sm.jpg,/objects/thumbs/cb055_04_th.jpg,
cb055_05,cb055,View from campus,,,,,,,,,,,,,,,,,PS005000,,Image;StillImage,image/jpg,,,,image,/objects/cb055_05.jpg,/objects/cb055_05.jpg,/objects/cb055_05.jpg,
cb056,,McIntyre Medical Sciences Building & Osler Library,Marshall and Merrett,,,,1965,,,Standing,,Medical Sciences,Faculty of Medicine,"The McIntyre Medical Sciences Building was constructed in 1965 by the firm of Marshall and Merrett. It is situated just north of theStewart Biological Sciences Buildingin McIntyre Park, once the site ofDuncan McIntyre's Square Mile mansion, Craguie. This circular, concrete, sixteen-storey tower has two entrances, one on Drummond Street which leads to the ground floor, and another on Pine Avenue which opens onto the sixth floor. The two main lecture theatres are positioned near the sixth floor entrance to reduce traffic in between classes. The fourteenth to sixteenth floors serve the animal research facility, the seventh to thirteenth floors contain research labs and offices, and the lower floors are dedicated to classrooms, offices, the library, a cafeteria, and public areas.",Downtown Campus,"1200 Av des Pins O #6th, Montréal, QC H3G 1A1",45.50326288,-73.58290069,,,Image;StillImage,image/jpg,,,,compound_object,/objects/cb056_01.jpg,/objects/small/cb056_01_sm.jpg,/objects/thumbs/cb056_01_th.jpg,
cb056_01,cb056,Model of McIntyre Medical Sciences Building,,,,,,,,,,,,,,,,,PR036755,,Image;StillImage,image/jpg,,,,image,/objects/cb056_01.jpg,/objects/small/cb056_01_sm.jpg,/objects/thumbs/cb056_01_th.jpg,
cb056_02,cb056,Construction site (July 1963),,,,,,,,,,,,,,,,,PR027915,,Image;StillImage,image/jpg,,,,image,/objects/cb056_02.jpg,/objects/small/cb056_02_sm.jpg,/objects/thumbs/cb056_02_th.jpg,
cb056_03,cb056,Construction (April 1964),,,,,,,,,,,,,,,,,PR027931,,Image;StillImage,image/jpg,,,,image,/objects/cb056_03.jpg,/objects/small/cb056_03_sm.jpg,/objects/thumbs/cb056_03_th.jpg,
cb056_04,cb056,"Stewart, McIntyre, Hodgesen",,,,,,,,,,,,,,,,,PR013709,,Image;StillImage,image/jpg,,,,image,/objects/cb032_03.jpg,/objects/cb032_03.jpg,/objects/cb032_03.jpg,
cb056_05,cb056,Lecture Hall,,,,,,,,,,,,,,,,,PR035359,,Image;StillImage,image/jpg,,,,image,/objects/cb056_05.jpg,/objects/small/cb056_05_sm.jpg,/objects/thumbs/cb056_05_th.jpg,
cb056_06,cb056,Osler Library entrance,,,,,,,,,,,,,,,,,PR027951,,Image;StillImage,image/jpg,,,,image,/objects/cb056_06.jpg,/objects/cb056_06.jpg,/objects/cb056_06.jpg,
cb056_07,cb056,Osler Library,,,,,,,,,,,,,,,,,,ICC,Image;StillImage,image/jpg,,,,image,/objects/cb056_07.jpg,/objects/cb056_07.jpg,/objects/cb056_07.jpg,
cb056_08,cb056,Cafeteria and lounge,,,,,,,,,,,,,,,,,PR035361,,Image;StillImage,image/jpg,,,,image,/objects/cb056_08.jpg,/objects/small/cb056_08_sm.jpg,/objects/thumbs/cb056_08_th.jpg,
cb056_09,cb056,Osler Library and central bay on southwall,,,,,,,,,,,,,,,,,PR026565,,Image;StillImage,image/jpg,,,,image,/objects/cb056_09.jpg,/objects/small/cb056_09_sm.jpg,/objects/thumbs/cb056_09_th.jpg,
cb056_10,cb056,Osler Library,,,,,,,,,,,,,,,,,,ICC,Image;StillImage,image/jpg,,,,image,/objects/cb056_10.jpg,/objects/cb056_10.jpg,/objects/cb056_10.jpg,
cb056_11,cb056,Construction site,,,,,,,,,,,,,,,,,PR036754,,Image;StillImage,image/jpg,,,,image,/objects/cb056_11.jpg,/objects/small/cb056_11_sm.jpg,/objects/thumbs/cb056_11_th.jpg,
cb056_12,cb056,Construction (September 1964),,,,,,,,,,,,,,,,,PR027941,,Image;StillImage,image/jpg,,,,image,/objects/cb056_12.jpg,/objects/small/cb056_12_sm.jpg,/objects/thumbs/cb056_12_th.jpg,
cb056_13,cb056,Osler Library entrance,,,,,,,,,,,,,,,,,PR038055,,Image;StillImage,image/jpg,,,,image,/objects/cb056_13.jpg,/objects/small/cb056_13_sm.jpg,/objects/thumbs/cb056_13_th.jpg,
cb056_14,cb056,Osler Library alcove with portrait covering his ashes,,,,,,,,,,,,,,,,,PR026566,,Image;StillImage,image/jpg,,,,image,/objects/cb056_14.jpg,/objects/small/cb056_14_sm.jpg,/objects/thumbs/cb056_14_th.jpg,
cb056_15,cb056,Osler Library,,,,,,,,,,,,,,,,,,ICC,Image;StillImage,image/jpg,,,,image,/objects/cb056_15.jpg,/objects/cb056_15.jpg,/objects/cb056_15.jpg,
cb057,,Strathcona Anatomy and Dentistry Building (formerly Strathcona Medical Building),David Brown and Hugh Vallance,,,Lord Strathcona (Sir Donald Smith),1908,,,Standing,,Northeast Corner,"Department of Anatomy and Cell Biology, Faculty of Dentistry","The Faculty of Medicine is the oldest at McGill and was, in the beginning, the only part of McGill capable of granting a degree. In October of 1845, the faculty, which until then had only bestowed diplomas through McGill, moved to the campus proper and set itself up in theArts Building, the only edifice on the McGill property at that time. Since Montreal had not yet expanded as far west as McGill, the only access to the Arts Building was by way of bumpy, unkempt lanes which became almost impassable in the harsh winter drifts. One professor, Dr. MacCulloch, was actually much loved by the students because he had a large sleigh and gave passage to as many floundering students as he could.Dr. MacCallum recalled his 1847 experience as Prosector to the Professor of Anatomy: ""I had to prepare, during the greater part of the session, the dissections of the parts which were to be the subject of the Professor's lectures the following day. This necessitated my passing several hours, usually from nine to twelve o'clock at night, in the dismal foul-smelling dissecting room, my only company being several partially dissected subjects, and numerous rats which kept up a lively racket, coursing over and below the floor and within the walls of the room..."" Thus the Faculty of Medicine was not entirely satisfied with its placement in the Arts Building, ""a lonely building, far removed from other dwellings, imperfectly heated, and lighted by candles - the light being barely sufficient to render the surrounding darkness visible.""In 1851, the Faculty of Medicine relocated to Côté Street where its members had constructed a suitable home from their own pockets. It was not until 1872 that the faculty could be persuaded to return to the campus. This time, an entire building was erected, on the site of the present-dayJames Administration Building, purposely to house the faculty and welcome it home.In 1907 two tragic fires occurred on campus within a two week period. The first, on April 5th, destroyed theOld Macdonald Engineering Building, designed by Sir Andrew Taylor in 1893. It was resurrected in 1908 by Percy Nobbs. The second fire, on April 16th, gutted three out of four sections of theOld Medical Building, once located where James Administration is today, just northeast of the Arts Building. The only part to survive, still used today as part of James Administration, was an addition constructed in 1894 by Sir Andrew Taylor.After this second fire, the Faculty of Medicine found itself homeless and had to hold classes in rented space downtown. Fortunately, Lord Strathcona, always a friend to the University, immediately stepped forward and offered to purchase land and erect a new structure for the displaced faculty. The site chosen was at the southwest corner of Pine and University, across from the Royal Victoria Hospital. David Brown and Hugh Vallance were hired to design the new Strathcona Medical Building which opened in 1909.The Faculty of Medicine was, and still is, one of the most revered at McGill and to reflect this Lord Strathcona insisted on a design in which no detail was ignored. Because Medicine had close connections with the Royal Victoria Hospital, the layout of the new building mirrored the main entrance and wings of the Hospital across the street. Strathcona, a 4-storey, stone edifice, has a central bay with two flanking wings connected by corridors. At one time, the central gallery, once spanned by a beautiful stained-glass dome, was used as an ethnological museum with displays of mans evolution and primitive cultures on each floor. On the south of the third floor was the students' reading room, still preserved in its original state, featuring stained-glass skylights, leather upholstered oak doors, delicate chandeliers, long oak tables, and small, green reading lamps.In 1919, Percy Nobbs, who designed many buildings for McGill, was commissioned to create a stained-glass window commemorating the members of the Medical Faculty who fought or died in World War I. The deep colours of this large work still illuminate the second floor hall of the Strathcona Medical Building.Sir William Osler, distinguished for his research accomplishments in Medicine, wished to leave his extensive library of medical texts with his faculty. Thus, in 1921, Nobbs was asked to construct the Osler Library within the Strathcona edifice. These three oak-paneled bays contain not only the works and collection of Osler, but his heart as well, placed in the centre wall. After theMcIntyre Medical Sciences Buildingwas erected in 1965, the Osler Library was moved, piece by piece, and installed in its south wing where it now serves scholars and students of medicine.Additional Pictures of the Strathcona Anatomy and Dentistry BuildingStrathcona Medical Building (1940s)--McGill ArchivesMuseum with totem--McGill ArchivesStudents' reading room--McGill ArchivesStrathcona Medical Building--McGill ArchivesStrathcona Medical Building--McGill Archives

Dr. MacCallum recalled his 1847 experience as Prosector to the Professor of Anatomy: ""I had to prepare, during the greater part of the session, the dissections of the parts which were to be the subject of the Professor's lectures the following day. This necessitated my passing several hours, usually from nine to twelve o'clock at night, in the dismal foul-smelling dissecting room, my only company being several partially dissected subjects, and numerous rats which kept up a lively racket, coursing over and below the floor and within the walls of the room..."" Thus the Faculty of Medicine was not entirely satisfied with its placement in the Arts Building, ""a lonely building, far removed from other dwellings, imperfectly heated, and lighted by candles - the light being barely sufficient to render the surrounding darkness visible.""In 1851, the Faculty of Medicine relocated to Cot� Street where its members had constructed a suitable home from their own pockets. It was not until 1872 that the faculty could be persuaded to return to the campus. This time, an entire building was erected, on the site of the present-dayJames Administration Building, purposely to house the faculty and welcome it home.In 1907 two tragic fires occurred on campus within a two week period. The first, on April 5th, destroyed theOld Macdonald Engineering Building, designed by Sir Andrew Taylor in 1893. It was resurrected in 1908 by Percy Nobbs. The second fire, on April 16th, gutted three out of four sections of theOld Medical Building, once located where James Administration is today, just northeast of the Arts Building. The only part to survive, still used today as part of James Administration, was an addition constructed in 1894 by Sir Andrew Taylor.After this second fire, the Faculty of Medicine found itself homeless and had to hold classes in rented space downtown. Fortunately, Lord Strathcona, always a friend to the University, immediately stepped forward and offered to purchase land and erect a new structure for the displaced faculty. The site chosen was at the southwest corner of Pine and University, across from the Royal Victoria Hospital. David Brown and Hugh Vallance were hired to design the new Strathcona Medical Building which opened in 1909.The Faculty of Medicine was, and still is, one of the most revered at McGill and to reflect this Lord Strathcona insisted on a design in which no detail was ignored. Because Medicine had close connections with the Royal Victoria Hospital, the layout of the new building mirrored the main entrance and wings of the Hospital across the street. Strathcona, a 4-storey, stone edifice, has a central bay with two flanking wings connected by corridors. At one time, the central gallery, once spanned by a beautiful stained-glass dome, was used as an ethnological museum with displays of mans evolution and primitive cultures on each floor. On the south of the third floor was the students' reading room, still preserved in its original state, featuring stained-glass skylights, leather upholstered oak doors, delicate chandeliers, long oak tables, and small, green reading lamps.In 1919, Percy Nobbs, who designed many buildings for McGill, was commissioned to create a stained-glass window commemorating the members of the Medical Faculty who fought or died in World War I. The deep colours of this large work still illuminate the second floor hall of the Strathcona Medical Building.Sir William Osler, distinguished for his research accomplishments in Medicine, wished to leave his extensive library of medical texts with his faculty. Thus, in 1921, Nobbs was asked to construct the Osler Library within the Strathcona edifice. These three oak-paneled bays contain not only the works and collection of Osler, but his heart as well, placed in the centre wall. After theMcIntyre Medical Sciences Buildingwas erected in 1965, the Osler Library was moved, piece by piece, and installed in its south wing where it now serves scholars and students of medicine.Additional Pictures of the Strathcona Anatomy and Dentistry BuildingStrathcona Medical Building (1940s)--McGill ArchivesMuseum with totem--McGill ArchivesStudents' reading room--McGill ArchivesStrathcona Medical Building--McGill ArchivesStrathcona Medical Building--McGill Archives

Dr. MacCallum recalled his 1847 experience as Prosector to the Professor of Anatomy: ""I had to prepare, during the greater part of the session, the dissections of the parts which were to be the subject of the Professor's lectures the following day. This necessitated my passing several hours, usually from nine to twelve o'clock at night, in the dismal foul-smelling dissecting room, my only company being several partially dissected subjects, and numerous rats which kept up a lively racket, coursing over and below the floor and within the walls of the room..."" Thus the Faculty of Medicine was not entirely satisfied with its placement in the Arts Building, ""a lonely building, far removed from other dwellings, imperfectly heated, and lighted by candles - the light being barely sufficient to render the surrounding darkness visible.""

In 1851, the Faculty of Medicine relocated to Côté Street where its members had constructed a suitable home from their own pockets. It was not until 1872 that the faculty could be persuaded to return to the campus. This time, an entire building was erected, on the site of the present-dayJames Administration Building, purposely to house the faculty and welcome it home.

In 1907 two tragic fires occurred on campus within a two week period. The first, on April 5th, destroyed theOld Macdonald Engineering Building, designed by Sir Andrew Taylor in 1893. It was resurrected in 1908 by Percy Nobbs. The second fire, on April 16th, gutted three out of four sections of theOld Medical Building, once located where James Administration is today, just northeast of the Arts Building. The only part to survive, still used today as part of James Administration, was an addition constructed in 1894 by Sir Andrew Taylor.

After this second fire, the Faculty of Medicine found itself homeless and had to hold classes in rented space downtown. Fortunately, Lord Strathcona, always a friend to the University, immediately stepped forward and offered to purchase land and erect a new structure for the displaced faculty. The site chosen was at the southwest corner of Pine and University, across from the Royal Victoria Hospital. David Brown and Hugh Vallance were hired to design the new Strathcona Medical Building which opened in 1909.

The Faculty of Medicine was, and still is, one of the most revered at McGill and to reflect this Lord Strathcona insisted on a design in which no detail was ignored. Because Medicine had close connections with the Royal Victoria Hospital, the layout of the new building mirrored the main entrance and wings of the Hospital across the street. Strathcona, a 4-storey, stone edifice, has a central bay with two flanking wings connected by corridors. At one time, the central gallery, once spanned by a beautiful stained-glass dome, was used as an ethnological museum with displays of mans evolution and primitive cultures on each floor. On the south of the third floor was the students' reading room, still preserved in its original state, featuring stained-glass skylights, leather upholstered oak doors, delicate chandeliers, long oak tables, and small, green reading lamps.

In 1919, Percy Nobbs, who designed many buildings for McGill, was commissioned to create a stained-glass window commemorating the members of the Medical Faculty who fought or died in World War I. The deep colours of this large work still illuminate the second floor hall of the Strathcona Medical Building.

Sir William Osler, distinguished for his research accomplishments in Medicine, wished to leave his extensive library of medical texts with his faculty. Thus, in 1921, Nobbs was asked to construct the Osler Library within the Strathcona edifice. These three oak-paneled bays contain not only the works and collection of Osler, but his heart as well, placed in the centre wall. After theMcIntyre Medical Sciences Buildingwas erected in 1965, the Osler Library was moved, piece by piece, and installed in its south wing where it now serves scholars and students of medicine.",Downtown Campus,"3640 Rue University, Montreal, QC H3A 0C7",45.50743653,-73.57984179,,,Image;StillImage,image/jpg,,,,compound_object,/objects/cb057_01.jpg,/objects/small/cb057_01_sm.jpg,/objects/thumbs/cb057_01_th.jpg,
cb057_01,cb057,Strathcona Medical Building,,,,,,,,,,,,,,,,,PR002667,,Image;StillImage,image/jpg,,,,image,/objects/cb057_01.jpg,/objects/small/cb057_01_sm.jpg,/objects/thumbs/cb057_01_th.jpg,
cb057_02,cb057,Strathcona Medical Building,,,,,,,,,,,,,,,,,PU010441,,Image;StillImage,image/jpg,,,,image,/objects/cb057_02.jpg,/objects/small/cb057_02_sm.jpg,/objects/thumbs/cb057_02_th.jpg,
cb057_03,cb057,View from Royal Victoria Hospital,,,,,,,,,,,,,,,,,PR026484,,Image;StillImage,image/jpg,,,,image,/objects/cb057_03.jpg,/objects/small/cb057_03_sm.jpg,/objects/thumbs/cb057_03_th.jpg,
cb057_04,cb057,Strathcona Medical (1925),,,,,,,,,,,,,,,,,PR026485,,Image;StillImage,image/jpg,,,,image,/objects/cb057_04.jpg,/objects/small/cb057_04_sm.jpg,/objects/thumbs/cb057_04_th.jpg,
cb057_05,cb057,Officers training in front of Strathcona ,,,,,,,,,,,,,,,,,PR023206,,Image;StillImage,image/jpg,,,,image,/objects/cb057_05.jpg,/objects/small/cb057_05_sm.jpg,/objects/thumbs/cb057_05_th.jpg,
cb057_06,cb057,Strathcona Ethnological Museum,,,,,,,,,,,,,,,,,PR026494,,Image;StillImage,image/jpg,,,,image,/objects/cb057_06.jpg,/objects/small/cb057_06_sm.jpg,/objects/thumbs/cb057_06_th.jpg,
cb057_07,cb057,Students' reading room,,,,,,,,,,,,,,,,,PR023287,,Image;StillImage,image/jpg,,,,image,/objects/cb057_07.jpg,/objects/small/cb057_07_sm.jpg,/objects/thumbs/cb057_07_th.jpg,
cb057_08,cb057,Lecture hall,,,,,,,,,,,,,,,,,PR023288,,Image;StillImage,image/jpg,,,,image,/objects/cb057_08.jpg,/objects/small/cb057_08_sm.jpg,/objects/thumbs/cb057_08_th.jpg,
cb057_09,cb057,Stained-glass window in Strathcona Medical Building,,,,,,,,,,,,,,,,,PR026576,,Image;StillImage,image/jpg,,,,image,/objects/cb057_09.jpg,/objects/small/cb057_09_sm.jpg,/objects/thumbs/cb057_09_th.jpg,
cb057_10,cb057,Strathcona Medical Building,,,,,,,,,,,,,,,,,PS001607,,Image;StillImage,image/jpg,,,,image,/objects/cb057_10.jpg,/objects/cb057_10.jpg,/objects/thumbs/cb057_10_th.jpg,
cb057_11,cb057,Strathcona Medical Building,,,,,,,,,,,,,,,,,,ICC,Image;StillImage,image/jpg,,,,image,/objects/cb057_11.jpg,/objects/cb057_11.jpg,/objects/cb057_11.jpg,
cb057_12,cb057,Strathcona Medical Building (1940s),,,,,,,,,,,,,,,,,PR026755,,Image;StillImage,image/jpg,,,,image,/objects/cb057_12.jpg,/objects/small/cb057_12_sm.jpg,/objects/thumbs/cb057_12_th.jpg,
cb057_13,cb057,"Strathcona Museum, central hall",,,,,,,,,,,,,,,,,PR232248,,Image;StillImage,image/jpg,,,,image,/objects/cb057_13.jpg,/objects/small/cb057_13_sm.jpg,/objects/thumbs/cb057_13_th.jpg,
cb057_14,cb057,Students' reading room,,,,,,,,,,,,,,,,,PR026749,,Image;StillImage,image/jpg,,,,image,/objects/cb057_14.jpg,/objects/small/cb057_14_sm.jpg,/objects/thumbs/cb057_14_th.jpg,
cb057_15,cb057,Strathcona Medical Building,,,,,,,,,,,,,,,,,PS005050,,Image;StillImage,image/jpg,,,,image,/objects/cb057_15.jpg,/objects/cb057_15.jpg,/objects/cb057_15.jpg,
cb057_16,cb057,Strathcona Medical Building,,,,,,,,,,,,,,,,,PS005217,,Image;StillImage,image/jpg,,,,image,/objects/cb057_16.jpg,/objects/cb057_16.jpg,/objects/cb057_16.jpg,
cb058,,Biology Building ,Hutchison and Wood,,,Sir William Macdonald,,,,Standing,,,John Abbott College,,Macdonald Campus,,45.40665755,-73.94109464,,,,image/jpg,,,,compound_object,/objects/cb058_02.jpg,/objects/small/cb058_02_sm.jpg,/objects/thumbs/cb058_02_th.jpg,
cb058_01,cb058,Biology Building (1925),,,,,,,,,,,,,,,,,PR026481,,Image;StillImage,image/jpg,,,,image,/objects/cb058_01.jpg,/objects/cb058_01.jpg,/objects/cb058_01.jpg,
cb058_02,cb058,Biology Building (1925),,,,,,,,,,,,,,,,,PR026479,,Image;StillImage,image/jpg,,,,image,/objects/cb058_02.jpg,/objects/small/cb058_02_sm.jpg,/objects/thumbs/cb058_02_th.jpg,
cb058_03,cb058,Lab in Biology Building (1925),,,,,,,,,,,,,,,,,PR026482,,Image;StillImage,image/jpg,,,,image,/objects/cb058_03.jpg,/objects/cb058_03.jpg,/objects/cb058_03.jpg,
cb059,,Chemistry & Physics Building,Hutchison and Wood,,,Sir William Macdonald,,,,Standing,,,John Abbott College,,Macdonald Campus,,45.40646038,-73.94289941,,,Image;StillImage,image/jpg,,,,compound_object,/objects/cb059_01.jpg,/objects/cb059_01.jpg,/objects/cb059_01.jpg,
cb059_01,cb059,Chemistry & Physics Building (1906),,,,,,,,,,,,,,,,,PA003759,,Image;StillImage,image/jpg,,,,image,/objects/cb059_01.jpg,/objects/cb059_01.jpg,/objects/cb059_01.jpg,
cb059_02,cb059,"Physics & Chemistry, and Main Buildings (1906)",,,,,,,,,,,,,,,,,PA003752,,Image;StillImage,image/jpg,,,,image,/objects/cb059_02.jpg,/objects/small/cb059_02_sm.jpg,/objects/thumbs/cb059_02_th.jpg,
cb059_03,cb059,"Chemistry & Physics Building, and Assembly Hall (1906)",,,,,,,,,,,,,,,,,PA003775,,Image;StillImage,image/jpg,,,,image,/objects/cb059_03.jpg,/objects/small/cb059_03_sm.jpg,/objects/thumbs/cb059_03_th.jpg,
cb059_04,cb059,Chemistry Building,,,,,,,,,,,,,,,,,PS005219,,Image;StillImage,image/jpg,,,,image,/objects/cb059_04.jpg,/objects/cb059_04.jpg,/objects/cb059_04.jpg,
cb060,,Raymond Building,Hutchison and Wood,,,Sir William Macdonald,1907,1905,1907,Standing,,,McGill Herbarium,"Built in 1905, thanks to a generous donation by Sir William Macdonald, this building was originally known as the Agriculture building. Amongst other things, it houses the McGill Herbarium, whose collection of over 140,000 plant specimens documents the research activities of McGill staff and students over the past century and serves as a rich source of research material for biologists.",Macdonald Campus,"21111 Lakeshore Road, St Anne de Bellevue, QC H9X 3V9",45.40775876,-73.94002122,,,Image;StillImage,image/jpg,,,,compound_object,/objects/cb060_01.jpg,/objects/cb060_01.jpg,/objects/cb060_01.jpg,
cb060_01,cb060,"Agriculture Building and greenhouses, Macdonald College",,,,,,,,,,,,,,,,,PR026472,,Image;StillImage,image/jpg,,,,image,/objects/cb060_01.jpg,/objects/cb060_01.jpg,/objects/cb060_01.jpg,
cb060_02,cb060,Greenhouse and Barn (1906),,,,,,,,,,,,,,,,,PA003761,,,image/jpg,,,,image,/objects/cb060_02.jpg,/objects/cb060_02.jpg,/objects/cb060_02.jpg,
cb061,,Brittain Hall ,Hutchison and Wood,,,Sir William Macdonald,1907,,,Standing,,,No current use,,Macdonald Campus,"21237-21409 Lakeshore Rd, Sainte-Anne-de-Bellevue, QC H9X 1S2",45.40488957,-73.9430952,,,,image/jpg,,,,image,/objects/cb061_01.jpg,/objects/cb061_01.jpg,/objects/cb061_01.jpg,
cb061_01,cb061,Men's residence (1925),,,,,,,,,,,,,,,,,PR026478,,Image;StillImage,image/jpg,,,,image,/objects/cb061_01.jpg,/objects/cb061_01.jpg,/objects/cb061_01.jpg,
cb062,,Laird Hall,Hugh Blachford and associates,,,,1959,1957,1959,Standing,,,Residence,"This co-ed residence, mainly intended for first-year students, features furnished rooms and a communal kitchen on every floor,",Macdonald Campus,"21111 Lakeshore Rd, Sainte-Anne-de-Bellevue, Quebec H9X 3V9",45.40654035,-73.93994732,,,Image;StillImage,image/jpg,,,,image,/objects/cb062_01.jpg,/objects/small/cb062_01_sm.jpg,/objects/thumbs/cb062_01_th.jpg,
cb062_01,cb062,"Exterior view of Laird Hall, 1966, Macdonald College",,,,,,,,,,,,,,,,,PR039525,,Image;StillImage,image/jpg,,,,image,/objects/cb062_01.jpg,/objects/small/cb062_01_sm.jpg,/objects/thumbs/cb062_01_th.jpg,
cb063,,South Power House ,Hutchison and Wood,,,Sir William Macdonald,,,,Standing,,,,,Macdonald Campus,"21111 Lakeshore Road, St Anne de Bellevue, QC H9X 3V9",45.40458708,-73.93883599,PU021324,,Image;StillImage,image/jpg,,,,image,/objects/cb063.jpg,/objects/small/cb063_sm.jpg,/objects/thumbs/cb063_th.jpg,
cb064,,Soil Science Building ,Hugh Blachford and associates,,,,1963,,,Standing,,,John Abbott College,,Macdonald Campus,"21275 Lakeshore Rd, Sainte-Anne-de-Bellevue, Quebec H9X 3L9",45.40629182,-73.94193359,PR039528,,Image;StillImage,image/jpg,,,,image,/objects/cb064.jpg,/objects/small/cb064_sm.jpg,/objects/thumbs/cb064_th.jpg,
cb065,,Centennial Centre,Hugh Blachford and associates,,,,1968,1967,1968,Standing,,,"Macdonald Campus Students' Society, Student Health Services, and modern Food and Nutrition labs","Built in 1968, the Centennial Centre is occupied by a wide variety of student organizations, services and facilities, including the MacDonald Campus Students' Society, Student Health Services, and modern Food and Nutrition labs. It also houses the Lyman Entomological Museum, whose insect collection consists of over 2.8 million specimens, making it the largest university insect collection in the country.",Macdonald Campus,"21111 Lakeshore Road, St Anne de Bellevue, QC H9X 3V9",45.40595606,-73.93885577,PS005020,,Image;StillImage,image/jpg,,,,image,/objects/cb065.jpg,/objects/cb065.jpg,/objects/cb065.jpg,
